Description,Down-regulated SIV.Early ART During ART,Down-regulated SIV.Early ART Early ATI,Down-regulated SIV.Late ART Early ATI,Up-regulated SIV.Early ART During ART,Up-regulated SIV.Early ART Early ATI,Up-regulated SIV.Late ART Early ATI
BIOCARTA_CDMAC_PATHWAY,1.0,1.0,1.0,1.0,0.0163490359663448,1.0
BIOCARTA_CERAMIDE_PATHWAY,1.0,1.0,1.0,1.0,0.0282303121987917,1.0
BIOCARTA_CHEMICAL_PATHWAY,1.0,1.0,1.0,1.0,0.0337753330623941,1.0
BIOCARTA_CLASSIC_PATHWAY,0.000219833133667,1.0,1.0,1.0,1.0,1.0
BIOCARTA_COMP_PATHWAY,0.0001219752165599,0.0379715829625244,1.0,1.0,1.0,1.0
BIOCARTA_DEATH_PATHWAY,1.0,1.0,1.0,1.0,1.0,0.045698927173024
BIOCARTA_DNAFRAGMENT_PATHWAY,1.0,1.0,1.0,0.0450311925368182,1.0,1.0
BIOCARTA_DREAM_PATHWAY,0.0202813471259137,1.0,1.0,1.0,1.0,1.0
BIOCARTA_ECM_PATHWAY,0.0132930579586613,0.0064267972264913,0.0270078403127904,1.0,1.0,1.0
BIOCARTA_EIF_PATHWAY,1.0,1.0,1.0,0.0130070917300475,0.0034577265601505,1.0
BIOCARTA_EPONFKB_PATHWAY,1.0,1.0,1.0,1.0,0.0302785854203074,1.0
BIOCARTA_EPO_PATHWAY,1.0,1.0,1.0,1.0,0.0471183442336533,1.0
BIOCARTA_ERAD_PATHWAY,1.0,1.0,1.0,0.0003116988132114,4.37988268502004e-05,0.0035876145571405
BIOCARTA_FREE_PATHWAY,1.0,1.0,1.0,0.0450311925368182,0.0184112375298171,1.0
BIOCARTA_GHRELIN_PATHWAY,0.0161246694167237,0.0016675424785592,0.0058926820192855,1.0,1.0,1.0
BIOCARTA_HIF_PATHWAY,1.0,1.0,1.0,1.0,0.0103113242037168,1.0
BIOCARTA_IL2_PATHWAY,1.0,1.0,1.0,1.0,0.0381578138538209,1.0
BIOCARTA_IL6_PATHWAY,0.0188391128169747,1.0,1.0,1.0,0.0282303121987917,1.0
BIOCARTA_INTEGRIN_PATHWAY,0.0001778373771319,0.0001175565738896,0.000144850562583,1.0,1.0,1.0
BIOCARTA_MAPK_PATHWAY,1.0,1.0,1.0,1.0,0.0089200571198691,0.0188384507043118
BIOCARTA_MET_PATHWAY,0.0242988790900897,1.0,1.0,1.0,1.0,1.0
BIOCARTA_MITOCHONDRIA_PATHWAY,1.0,1.0,1.0,1.0,1.0,0.021726919712235
BIOCARTA_NGF_PATHWAY,1.0,1.0,1.0,1.0,0.0471183442336533,1.0
BIOCARTA_NPC_PATHWAY,1.0,1.0,1.0,0.0025510946399372,0.0056340157041139,0.0012965530439114
BIOCARTA_PRC2_PATHWAY,1.0,1.0,1.0,0.0111793536451057,0.0181144880279375,0.0008777024260436
BIOCARTA_PROTEASOME_PATHWAY,1.0,1.0,1.0,1.11666668490432e-06,9.17955468810038e-08,0.0002244619386353
BIOCARTA_RAB_PATHWAY,1.0,1.0,1.0,0.0305706097061578,0.0016827753737004,0.0028373704178258
BIOCARTA_RACCYCD_PATHWAY,1.0,1.0,1.0,0.0061390643141285,0.0009983348926809,0.000479292959309
BIOCARTA_RANMS_PATHWAY,1.0,1.0,1.0,0.0082684619242635,0.0026650224366524,0.0043834753858032
BIOCARTA_RAS_PATHWAY,1.0,1.0,1.0,0.0450311925368182,0.0381578138538209,0.0187665030200538
BIOCARTA_RHO_PATHWAY,0.0188391128169747,0.0093802122153642,0.036790660012709,1.0,1.0,1.0
BIOCARTA_RNA_PATHWAY,1.0,1.0,1.0,1.0,0.0184112375298171,1.0
BIOCARTA_SM_PATHWAY,1.0,1.0,1.0,0.0007914379275343,0.0474756897690546,1.0
BIOCARTA_SRCRPTP_PATHWAY,1.0,1.0,1.0,0.0168145029380482,0.0056340157041139,0.038509046080808
BIOCARTA_TID_PATHWAY,1.0,1.0,1.0,1.0,0.0337753330623941,0.0147843360399003
BIOCARTA_UCALPAIN_PATHWAY,1.0,0.0203041316608791,1.0,1.0,1.0,1.0
BIOCARTA_WNT_PATHWAY,1.0,1.0,1.0,1.0,1.0,0.025123035788471
KEGG_ALZHEIMERS_DISEASE,1.0,0.0039789984570965,0.0003230199099853,1.6141447039003298e-11,8.14472811330393e-08,0.0283967118356244
KEGG_AMINOACYL_TRNA_BIOSYNTHESIS,1.0,1.0,1.0,3.20524245607201e-05,0.0015593680239638,0.003393998104298
KEGG_AMINO_SUGAR_AND_NUCLEOTIDE_SUGAR_METABOLISM,1.0,1.0,1.0,1.82065297564184e-07,6.16109543004797e-07,2.7483687738106e-06
KEGG_ANTIGEN_PROCESSING_AND_PRESENTATION,1.0,1.0,1.0,1.0,0.0414938378145921,1.0
KEGG_ARGININE_AND_PROLINE_METABOLISM,1.0,1.0,1.0,0.0217934242382527,1.0,1.0
KEGG_ARRHYTHMOGENIC_RIGHT_VENTRICULAR_CARDIOMYOPATHY_ARVC,0.0130244010940409,0.0023719241176613,0.0058490187119548,1.0,1.0,1.0
KEGG_BETA_ALANINE_METABOLISM,1.0,1.0,1.0,0.0012123027110693,1.0,1.0
KEGG_BUTANOATE_METABOLISM,1.0,1.0,1.0,0.0016878922793584,0.0257074609437197,1.0
KEGG_CARDIAC_MUSCLE_CONTRACTION,1.0,0.0264949994143122,1.0,1.0,1.0,1.0
KEGG_CELL_CYCLE,1.0,1.0,1.0,0.0012158797056457,0.0008961370020898,0.0014768267628482
KEGG_CHRONIC_MYELOID_LEUKEMIA,1.0,1.0,1.0,1.0,1.0,0.032295359897328
KEGG_CITRATE_CYCLE_TCA_CYCLE,1.0,1.0,1.0,9.42864826990525e-11,2.7445797842357105e-11,1.7206026298629e-07
KEGG_COMPLEMENT_AND_COAGULATION_CASCADES,0.0015036173364461,1.0,1.0,1.0,1.0,1.0
KEGG_CYSTEINE_AND_METHIONINE_METABOLISM,1.0,1.0,1.0,1.0,0.0496401488278228,1.0
KEGG_DILATED_CARDIOMYOPATHY,0.0043392905384753,0.0056288753770117,0.004987729800203,1.0,1.0,1.0
KEGG_ECM_RECEPTOR_INTERACTION,7.844699118773698e-10,6.005279950885151e-09,2.0392810761015002e-10,1.0,1.0,1.0
KEGG_ENDOCYTOSIS,1.0,1.0,1.0,0.0303355523423057,0.0029878151885911,0.0002663272377867
KEGG_FATTY_ACID_METABOLISM,1.0,1.0,1.0,1.96617442711262e-07,0.0001331826843356,0.0012965530439114
KEGG_FOCAL_ADHESION,1.7084752495901198e-11,4.01538196870816e-12,1.1571446082658001e-10,1.0,1.0,1.0
KEGG_FRUCTOSE_AND_MANNOSE_METABOLISM,1.0,1.0,1.0,0.0083572955300887,0.0038886222047487,0.0205631694733036
KEGG_GLUTATHIONE_METABOLISM,1.0,1.0,1.0,0.0087698709108364,0.0202194707769905,1.0
KEGG_GLYCOLYSIS_GLUCONEOGENESIS,1.0,1.0,1.0,0.0014550077228953,0.0122233643513811,0.0225659611605211
KEGG_GLYOXYLATE_AND_DICARBOXYLATE_METABOLISM,1.0,1.0,1.0,0.0004374486440129,0.0034577265601505,1.0
KEGG_HUNTINGTONS_DISEASE,1.0,0.0023719241176613,1.23393520686262e-05,6.0383523102039296e-15,1.15082422931999e-11,0.0004102627198748
KEGG_HYPERTROPHIC_CARDIOMYOPATHY_HCM,0.0221285450113962,0.003893670977176,0.0031594945825931,1.0,1.0,1.0
KEGG_LEUKOCYTE_TRANSENDOTHELIAL_MIGRATION,0.0003563489447007,0.0059444468481804,0.022841856049056,1.0,1.0,1.0
KEGG_LYSINE_DEGRADATION,1.0,1.0,1.0,0.0087698709108364,1.0,1.0
KEGG_LYSOSOME,0.000712001571042,1.0,1.0,1.0,0.0062053168758071,0.0087421451377042
KEGG_N_GLYCAN_BIOSYNTHESIS,1.0,1.0,1.0,0.000134393976948,0.0012594525401973,0.0186769437758798
KEGG_OOCYTE_MEIOSIS,1.0,1.0,1.0,1.0,1.0,0.0136485098928197
KEGG_OXIDATIVE_PHOSPHORYLATION,1.0,2.47098351822366e-05,0.00025098514406,1.44069046223554e-12,1.82159939500193e-08,1.0
KEGG_PARKINSONS_DISEASE,0.0307092089442471,3.83530292429643e-06,1.98023065378667e-06,1.9063905418017198e-14,1.5474543184430801e-09,0.0015031225214038
KEGG_PEROXISOME,1.0,1.0,1.0,5.72248596324729e-05,0.0044293180568538,0.0046746447523977
KEGG_PPAR_SIGNALING_PATHWAY,1.0,1.0,1.0,0.0489852629858379,1.0,1.0
KEGG_PRION_DISEASES,0.0242988790900897,1.0,1.0,1.0,1.0,1.0
KEGG_PROPANOATE_METABOLISM,1.0,1.0,1.0,3.1425585796764197e-05,0.0154837870691637,0.0086995242854038
KEGG_PROTEASOME,1.0,1.0,1.0,9.360442805088293e-18,3.420045487336481e-13,8.74891401392098e-08
KEGG_PROTEIN_EXPORT,1.0,1.0,1.0,6.90268804876358e-06,4.29394512055117e-06,0.0004768585331166
KEGG_PYRIMIDINE_METABOLISM,1.0,1.0,1.0,0.0096632698033291,1.0,1.0
KEGG_PYRUVATE_METABOLISM,1.0,1.0,1.0,0.0007528319820657,0.002621713297924,1.0
KEGG_REGULATION_OF_ACTIN_CYTOSKELETON,0.0017600332101163,0.0038088650225866,0.0023650408687764,1.0,1.0,1.0
KEGG_RIBOSOME,1.0,1.0,3.6968496139348803e-10,5.6094694551884505e-21,8.67909132256101e-06,1.0
KEGG_RNA_DEGRADATION,1.0,1.0,1.0,0.0005849989560178,0.0062338227601098,1.0
KEGG_SPLICEOSOME,1.0,1.0,1.0,3.01895664448209e-21,3.2878179561774805e-17,2.6278245804643107e-17
KEGG_STEROID_BIOSYNTHESIS,1.0,1.0,1.0,0.0130070917300475,1.0,1.0
KEGG_THYROID_CANCER,1.0,1.0,1.0,1.0,0.0316347110527716,0.0187152964830233
KEGG_TRYPTOPHAN_METABOLISM,1.0,1.0,1.0,0.0450311925368182,1.0,1.0
KEGG_UBIQUITIN_MEDIATED_PROTEOLYSIS,1.0,1.0,1.0,0.0052996242987354,0.0003316378735622,0.0001457903123477
KEGG_VALINE_LEUCINE_AND_ISOLEUCINE_BIOSYNTHESIS,1.0,1.0,1.0,1.0,0.0302785854203074,0.038509046080808
KEGG_VALINE_LEUCINE_AND_ISOLEUCINE_DEGRADATION,1.0,1.0,1.0,2.6458228174232e-06,0.000647438003546,0.0004768585331166
KEGG_VASCULAR_SMOOTH_MUSCLE_CONTRACTION,3.53810039646822e-05,0.002202749489311,0.0030164864860896,1.0,1.0,1.0
KEGG_VASOPRESSIN_REGULATED_WATER_REABSORPTION,1.0,1.0,1.0,1.0,1.0,0.0325598232566074
KEGG_VIRAL_MYOCARDITIS,0.0212826211599825,1.0,1.0,1.0,1.0,1.0
NABA_BASEMENT_MEMBRANES,0.0028248714494787,0.002202749489311,0.0122252520296904,1.0,1.0,1.0
NABA_COLLAGENS,0.0160311559409336,0.0025383533712141,0.0149627154373168,1.0,1.0,1.0
NABA_CORE_MATRISOME,7.775414553727481e-15,2.9334390301045607e-18,1.3172625370315401e-12,1.0,1.0,1.0
NABA_ECM_GLYCOPROTEINS,5.7173673035244505e-12,2.1071867215125901e-13,6.104458811657068e-10,1.0,1.0,1.0
NABA_ECM_REGULATORS,0.0030027762524218,1.0,1.0,1.0,1.0,1.0
NABA_PROTEOGLYCANS,1.0,0.0385503607338595,1.0,1.0,1.0,1.0
PID_AJDISS_2PATHWAY,1.0,1.0,1.0,1.0,0.0200673143895514,0.0325598232566074
PID_AMB2_NEUTROPHILS_PATHWAY,0.0001511940499748,0.0139224419689646,1.0,1.0,1.0,1.0
PID_ARF_3PATHWAY,1.0,1.0,1.0,0.0033425676628495,9.57677094358129e-05,0.0012965530439114
PID_AURORA_A_PATHWAY,1.0,1.0,1.0,0.0039481387821746,1.0,1.0
PID_AVB3_INTEGRIN_PATHWAY,0.0001778373771319,5.5493952676344095e-05,0.0002298826385496,1.0,1.0,1.0
PID_AVB3_OPN_PATHWAY,0.0192440256297492,1.0,1.0,1.0,1.0,1.0
PID_CASPASE_PATHWAY,1.0,0.0336880105960077,1.0,1.0,1.0,1.0
PID_CDC42_PATHWAY,1.0,1.0,1.0,0.0123081561712842,0.0002623180164329,0.001993083387221
PID_CERAMIDE_PATHWAY,1.0,1.0,1.0,1.0,0.004845341225107,0.0468094502822845
PID_E2F_PATHWAY,1.0,1.0,1.0,0.0309909869555673,0.0127821955892422,0.0122958803812739
PID_ECADHERIN_NASCENT_AJ_PATHWAY,1.0,1.0,1.0,1.0,0.0043338841410698,0.0219306907035286
PID_ECADHERIN_STABILIZATION_PATHWAY,1.0,1.0,1.0,1.0,1.0,0.038509046080808
PID_EPHA2_FWD_PATHWAY,1.0,1.0,1.0,0.0475984774178365,0.0471183442336533,1.0
PID_ERBB1_DOWNSTREAM_PATHWAY,1.0,1.0,1.0,0.0284977380124714,0.010085198075647,5.74387383871457e-05
PID_FAK_PATHWAY,0.0028248714494787,0.0031121017480664,0.0013376135698189,1.0,1.0,1.0
PID_FOXO_PATHWAY,1.0,1.0,1.0,0.0387735631223007,0.0293701919152553,0.0014792995060487
PID_FRA_PATHWAY,0.0345135183805201,0.0449578722466246,1.0,1.0,1.0,1.0
PID_HDAC_CLASSII_PATHWAY,1.0,1.0,1.0,1.0,1.0,0.025123035788471
PID_HDAC_CLASSI_PATHWAY,1.0,1.0,1.0,0.0244967373646255,0.0007364417271545,0.0046674999060624
PID_IGF1_PATHWAY,1.0,1.0,1.0,0.0497337080876361,1.0,1.0
PID_ILK_PATHWAY,0.0017600332101163,0.0040787311416736,0.0011789278224809,1.0,1.0,1.0
PID_INTEGRIN1_PATHWAY,5.565991837920948e-10,2.4168917199530406e-08,1.63863714419067e-08,1.0,1.0,1.0
PID_INTEGRIN2_PATHWAY,0.0461994157281451,0.0203041316608791,1.0,1.0,1.0,1.0
PID_INTEGRIN3_PATHWAY,0.0002747460176998,0.0038799946096736,0.0010137867787424,1.0,1.0,1.0
PID_INTEGRIN_A4B1_PATHWAY,0.0001568949249322,0.0329353844256125,0.0294028707087161,1.0,1.0,1.0
PID_INTEGRIN_CS_PATHWAY,1.0,1.0,0.0486552868491832,1.0,1.0,1.0
PID_LYMPH_ANGIOGENESIS_PATHWAY,0.0344750883332925,0.0024493781629226,0.011565579999722,1.0,1.0,1.0
PID_MET_PATHWAY,1.0,1.0,1.0,0.0009049569556986,0.0027475087186877,0.0067774469568211
PID_MTOR_4PATHWAY,1.0,1.0,1.0,0.0012540220754507,0.0496270870328838,0.0004054309704699
PID_MYC_ACTIV_PATHWAY,1.0,1.0,1.0,1.78240433332238e-05,0.0005869524493106,0.0082709030085034
PID_MYC_REPRESS_PATHWAY,1.0,0.01539137140373,1.0,1.0,1.0,1.0
PID_P75_NTR_PATHWAY,1.0,1.0,1.0,1.0,0.0162023487443371,0.0285991181938691
PID_PDGFRB_PATHWAY,1.0,1.0,1.0,1.0,1.0,0.0089156268124409
PID_PI3KCI_AKT_PATHWAY,1.0,1.0,1.0,1.0,1.0,0.025123035788471
PID_PS1_PATHWAY,1.0,1.0,1.0,1.0,0.0130241482307852,0.0037121492924707
PID_RAC1_PATHWAY,1.0,1.0,1.0,1.0,0.0018996365586884,0.0016224466809326
PID_RANBP2_PATHWAY,1.0,1.0,1.0,1.0,0.0302785854203074,0.038509046080808
PID_RB_1PATHWAY,1.0,1.0,1.0,1.0,0.0200879593314831,1.0
PID_REG_GR_PATHWAY,1.0,1.0,1.0,1.0,0.0259969251235971,1.0
PID_RHOA_PATHWAY,0.0017600332101163,1.0,1.0,1.0,1.0,0.0468094502822845
PID_SYNDECAN_1_PATHWAY,0.0192440256297492,0.0160823209926749,1.0,1.0,1.0,1.0
PID_SYNDECAN_2_PATHWAY,0.0009161030498662,0.0058158680859221,1.0,1.0,1.0,1.0
PID_SYNDECAN_4_PATHWAY,1.15380573393025e-05,0.0045609793441684,0.0228527477005785,1.0,1.0,1.0
PID_TELOMERASE_PATHWAY,1.0,1.0,1.0,1.0,0.0133924087565314,0.0251092825956609
PID_UPA_UPAR_PATHWAY,1.0,0.0148652486176822,1.0,1.0,1.0,1.0
REACTOME_ABC_FAMILY_PROTEINS_MEDIATED_TRANSPORT,1.0,1.0,1.0,1.34364955656982e-12,3.3222693891554296e-11,9.91360408122121e-08
REACTOME_ABC_TRANSPORTER_DISORDERS,1.0,1.0,1.0,4.1379527014075594e-15,3.24547079413967e-13,1.34626874508312e-08
REACTOME_ABORTIVE_ELONGATION_OF_HIV_1_TRANSCRIPT_IN_THE_ABSENCE_OF_TAT,1.0,1.0,1.0,7.088559727526101e-05,0.0003613317593221,0.0007978506485515
REACTOME_ACTIVATION_OF_THE_MRNA_UPON_BINDING_OF_THE_CAP_BINDING_COMPLEX_AND_EIFS_AND_SUBSEQUENT_BINDING_TO_43S,1.0,1.0,0.0065463300878361,6.04528707991966e-16,0.0001723459409789,1.0
REACTOME_AGGREPHAGY,0.030932162280597,1.0,0.0089522050351417,1.0,1.0,1.0
REACTOME_AMYLOID_FIBER_FORMATION,1.0,0.0235006764490688,0.0437562677233155,1.0,1.0,1.0
REACTOME_ANCHORING_FIBRIL_FORMATION,1.0,0.0237639124413083,1.0,1.0,1.0,1.0
REACTOME_ANTIGEN_PRESENTATION_FOLDING_ASSEMBLY_AND_PEPTIDE_LOADING_OF_CLASS_I_MHC,1.0,1.0,1.0,0.0012123027110693,1.0,1.0
REACTOME_ANTIGEN_PROCESSING_CROSS_PRESENTATION,1.0,1.0,1.0,9.87691426217444e-12,5.1207947463705794e-11,3.1410585684843097e-06
REACTOME_ANTIGEN_PROCESSING_UBIQUITINATION_PROTEASOME_DEGRADATION,1.0,1.0,1.0,0.0001042197537527,9.983174216967e-05,0.000479292959309
REACTOME_ANTIVIRAL_MECHANISM_BY_IFN_STIMULATED_GENES,1.0,1.0,1.0,1.0,0.0259969251235971,0.045698927173024
REACTOME_APC_CDC20_MEDIATED_DEGRADATION_OF_NEK2A,1.0,1.0,1.0,0.0201426073689415,0.0400048971336754,0.007030551551818
REACTOME_APC_C_CDC20_MEDIATED_DEGRADATION_OF_CYCLIN_B,1.0,1.0,1.0,0.0092203751968138,0.006811539014466,0.003393998104298
REACTOME_APC_C_CDH1_MEDIATED_DEGRADATION_OF_CDC20_AND_OTHER_APC_C_CDH1_TARGETED_PROTEINS_IN_LATE_MITOSIS_EARLY_G1,1.0,1.0,1.0,1.52900396183958e-17,4.960771599639559e-13,5.7887096019256705e-09
REACTOME_APC_C_MEDIATED_DEGRADATION_OF_CELL_CYCLE_PROTEINS,1.0,1.0,1.0,5.9915312954452304e-18,2.12251831790953e-13,4.5736880874203294e-10
REACTOME_APOPTOSIS,1.0,1.0,1.0,3.9958642066153303e-10,4.9540169347328305e-08,1.1624368185158601e-07
REACTOME_ASPARAGINE_N_LINKED_GLYCOSYLATION,1.0,1.0,1.0,1.1460864703938301e-18,1.90962062798476e-16,1.6907326288879e-15
REACTOME_ASSEMBLY_OF_COLLAGEN_FIBRILS_AND_OTHER_MULTIMERIC_STRUCTURES,2.39800006583666e-05,0.000548319309853,0.0054452697595918,1.0,1.0,1.0
REACTOME_ASSEMBLY_OF_THE_HIV_VIRION,1.0,1.0,1.0,0.0004374486440129,0.0163490359663448,0.0236317211643186
REACTOME_ASSOCIATION_OF_TRIC_CCT_WITH_TARGET_PROTEINS_DURING_BIOSYNTHESIS,1.0,1.0,1.0,1.0,1.0,0.038509046080808
REACTOME_ASYMMETRIC_LOCALIZATION_OF_PCP_PROTEINS,1.0,1.0,1.0,1.2634859751649699e-11,2.2810888700578e-09,1.7252444891658598e-05
REACTOME_ATF6_ATF6_ALPHA_ACTIVATES_CHAPERONES,1.0,1.0,1.0,0.0305706097061578,0.0474756897690546,1.0
REACTOME_ATF6_ATF6_ALPHA_ACTIVATES_CHAPERONE_GENES,1.0,1.0,1.0,0.0450311925368182,1.0,1.0
REACTOME_ATTENUATION_PHASE,1.0,1.0,1.0,1.0,0.0496401488278228,0.025123035788471
REACTOME_AUF1_HNRNP_D0_BINDS_AND_DESTABILIZES_MRNA,1.0,1.0,1.0,1.0125220545508799e-18,4.68701676467467e-14,7.675649596683571e-09
REACTOME_AUTOPHAGY,0.0031828461524629,1.0,0.012011545588977,0.0002682045317925,0.0019000743480664,0.0016831854921115
REACTOME_BETA_CATENIN_INDEPENDENT_WNT_SIGNALING,1.0,1.0,1.0,5.40397066379642e-07,1.20361032410279e-05,0.0014303886156886
REACTOME_BETA_CATENIN_PHOSPHORYLATION_CASCADE,1.0,1.0,1.0,1.0,1.0,0.0328448115798651
REACTOME_BINDING_AND_UPTAKE_OF_LIGANDS_BY_SCAVENGER_RECEPTORS,0.0173935846978763,5.36100106280398e-05,8.88358653184153e-05,1.0,1.0,1.0
REACTOME_BIOSYNTHESIS_OF_THE_N_GLYCAN_PRECURSOR_DOLICHOL_LIPID_LINKED_OLIGOSACCHARIDE_LLO_AND_TRANSFER_TO_A_NASCENT_PROTEIN,1.0,1.0,1.0,0.0007915265289382,0.0028552417315965,0.0068196848797639
REACTOME_BUDDING_AND_MATURATION_OF_HIV_VIRION,1.0,1.0,1.0,4.69297806293266e-07,0.000340477074405,0.0030745506338048
REACTOME_CALNEXIN_CALRETICULIN_CYCLE,1.0,1.0,1.0,0.00158187867962,3.5682815949138396e-05,0.001993083387221
REACTOME_CARGO_CONCENTRATION_IN_THE_ER,1.0,1.0,1.0,0.0002775040668474,0.0065536186800303,0.0117086084253731
REACTOME_CDT1_ASSOCIATION_WITH_THE_CDC6_ORC_ORIGIN_COMPLEX,1.0,1.0,1.0,2.1221266685101402e-14,6.392958471923331e-11,3.9129011078127e-07
REACTOME_CELLULAR_RESPONSE_TO_CHEMICAL_STRESS,1.0,1.0,1.0,1.74225232706843e-18,1.7026734131463502e-14,1.09338654020835e-06
REACTOME_CELLULAR_RESPONSE_TO_HEAT_STRESS,1.0,1.0,1.0,0.0019554990727437,0.0271991420574628,0.0044097895575322
REACTOME_CELLULAR_RESPONSE_TO_HYPOXIA,1.0,1.0,1.0,7.593050034544629e-12,1.4607221555288497e-11,9.497843607398568e-07
REACTOME_CELLULAR_RESPONSE_TO_STARVATION,1.0,1.0,5.84289618988881e-07,2.8787415615900003e-13,0.0040044224857332,1.0
REACTOME_CELL_CELL_COMMUNICATION,0.0082646797552304,0.003255657101177,0.0400009810636785,1.0,1.0,1.0
REACTOME_CELL_CYCLE_CHECKPOINTS,1.0,1.0,1.0,4.60679840724485e-07,8.958009908745939e-06,6.8107081862999595e-06
REACTOME_CELL_CYCLE_MITOTIC,1.0,1.0,1.0,2.22678718199428e-10,8.76512847243744e-08,1.09338654020835e-06
REACTOME_CELL_EXTRACELLULAR_MATRIX_INTERACTIONS,3.70873419601385e-08,1.78945780642169e-06,8.850809681098229e-07,1.0,1.0,1.0
REACTOME_CELL_JUNCTION_ORGANIZATION,0.0037327941716016,0.0013640254563774,0.0043012591348091,1.0,1.0,1.0
REACTOME_CELL_SURFACE_INTERACTIONS_AT_THE_VASCULAR_WALL,0.016804962944855,0.0273216121409154,0.0345629479878439,1.0,1.0,1.0
REACTOME_CHAPERONE_MEDIATED_AUTOPHAGY,1.0,1.0,0.0428559537087433,1.0,1.0,1.0
REACTOME_CHK1_CHK2_CDS1_MEDIATED_INACTIVATION_OF_CYCLIN_B_CDK1_COMPLEX,1.0,1.0,1.0,1.0,1.0,0.0249544934620189
REACTOME_CHOLESTEROL_BIOSYNTHESIS,1.0,1.0,1.0,0.0002998607041241,0.0046252138509769,0.025123035788471
REACTOME_CITRIC_ACID_CYCLE_TCA_CYCLE,1.0,1.0,1.0,2.7294677832737196e-07,1.8459126128501e-07,0.000263070612511
REACTOME_CLASS_I_MHC_MEDIATED_ANTIGEN_PROCESSING_PRESENTATION,1.0,1.0,1.0,7.34664214664474e-07,1.4392498088245e-06,4.54792197465931e-05
REACTOME_CLATHRIN_MEDIATED_ENDOCYTOSIS,1.0,1.0,1.0,1.0,0.0015430370234809,0.0152055486354628
REACTOME_CLEC7A_DECTIN_1_SIGNALING,1.0,1.0,1.0,6.458640933307799e-09,3.19068715361527e-08,1.92444157127149e-05
REACTOME_COLLAGEN_BIOSYNTHESIS_AND_MODIFYING_ENZYMES,0.0042724403538613,0.0009398331457963,0.0089499296800151,1.0,1.0,1.0
REACTOME_COLLAGEN_CHAIN_TRIMERIZATION,0.0160311559409336,0.0025383533712141,0.0149627154373168,1.0,1.0,1.0
REACTOME_COLLAGEN_DEGRADATION,0.0007390973003092,0.0032932256462767,1.0,1.0,1.0,1.0
REACTOME_COLLAGEN_FORMATION,1.8492277314478095e-05,0.0002674125756792,0.0043012591348091,1.0,1.0,1.0
REACTOME_COMPLEMENT_CASCADE,0.0001652536786149,0.0064267972264913,0.0400009810636785,1.0,1.0,1.0
REACTOME_COMPLEX_I_BIOGENESIS,1.0,0.0017341189260082,0.0122252520296904,3.63363377587607e-10,1.1013464460596601e-07,0.038389685620605
REACTOME_CONSTITUTIVE_SIGNALING_BY_OVEREXPRESSED_ERBB2,1.0,1.0,1.0,1.0,1.0,0.038509046080808
REACTOME_CONVERSION_FROM_APC_C_CDC20_TO_APC_C_CDH1_IN_LATE_ANAPHASE,1.0,1.0,1.0,1.0,1.0,0.0286247750737893
REACTOME_COOPERATION_OF_PREFOLDIN_AND_TRIC_CCT_IN_ACTIN_AND_TUBULIN_FOLDING,1.0,1.0,1.0,0.0284977380124714,0.0188742223058339,1.0
REACTOME_COPII_MEDIATED_VESICLE_TRANSPORT,1.0,1.0,1.0,1.6692793494821702e-08,3.42742444492911e-05,0.0001321608664768
REACTOME_COPI_DEPENDENT_GOLGI_TO_ER_RETROGRADE_TRAFFIC,1.0,1.0,1.0,0.0116892635244222,0.0205382600168575,0.038509046080808
REACTOME_COPI_INDEPENDENT_GOLGI_TO_ER_RETROGRADE_TRAFFIC,0.025996630426578,1.0,1.0,1.0,1.0,1.0
REACTOME_COPI_MEDIATED_ANTEROGRADE_TRANSPORT,0.0378388178804438,1.0,1.0,0.0010090002664621,0.0019809522221773,9.88339419022139e-06
REACTOME_CREATION_OF_C4_AND_C2_ACTIVATORS,0.025190084371437,1.0,1.0,1.0,1.0,1.0
REACTOME_CRISTAE_FORMATION,1.0,1.0,1.0,4.72505323972541e-05,0.0005645786468285,1.0
REACTOME_CROSSLINKING_OF_COLLAGEN_FIBRILS,0.010849024578966,0.0428072057453079,1.0,1.0,1.0,1.0
REACTOME_CROSS_PRESENTATION_OF_SOLUBLE_EXOGENOUS_ANTIGENS_ENDOSOMES,1.0,1.0,1.0,6.6020996055865005e-15,2.14193079481365e-11,1.06830587124541e-06
REACTOME_CYCLIN_A_CDK2_ASSOCIATED_EVENTS_AT_S_PHASE_ENTRY,1.0,1.0,1.0,3.27752029063302e-16,3.33270080632903e-13,3.0203067075170093e-09
REACTOME_CYTOPROTECTION_BY_HMOX1,1.0,1.0,1.0,1.5917635087854001e-16,3.22644745248528e-13,8.479145550062789e-07
REACTOME_CYTOSOLIC_IRON_SULFUR_CLUSTER_ASSEMBLY,1.0,1.0,1.0,0.0305706097061578,1.0,1.0
REACTOME_CYTOSOLIC_TRNA_AMINOACYLATION,1.0,1.0,1.0,1.99125037189892e-08,1.24629236932268e-07,3.86601901846197e-06
REACTOME_C_TYPE_LECTIN_RECEPTORS_CLRS,1.0,1.0,1.0,1.72361980890923e-07,1.4375759160902998e-07,5.171429421321339e-05
REACTOME_DEADENYLATION_DEPENDENT_MRNA_DECAY,1.0,1.0,1.0,0.0001282992198155,0.0018996365586884,0.0228337821620014
REACTOME_DEADENYLATION_OF_MRNA,1.0,1.0,1.0,0.0009568450276318,0.0026650224366524,0.0163516303901796
REACTOME_DEATH_RECEPTOR_SIGNALLING,1.0,1.0,1.0,1.0,0.0282632733204062,0.0236317211643186
REACTOME_DECTIN_1_MEDIATED_NONCANONICAL_NF_KB_SIGNALING,1.0,1.0,1.0,1.2504753120170899e-13,3.7232138587842194e-11,9.497843607398568e-07
REACTOME_DEFECTIVE_CFTR_CAUSES_CYSTIC_FIBROSIS,1.0,1.0,1.0,2.4382799955166497e-18,4.6777320867543705e-17,6.79457435775283e-10
REACTOME_DEGRADATION_OF_AXIN,1.0,1.0,1.0,4.1305868509994604e-15,5.1748804414051505e-12,2.4670275539638097e-07
REACTOME_DEGRADATION_OF_BETA_CATENIN_BY_THE_DESTRUCTION_COMPLEX,1.0,1.0,1.0,3.1231154165378897e-15,2.8481479616794697e-12,3.33271317841257e-10
REACTOME_DEGRADATION_OF_CYSTEINE_AND_HOMOCYSTEINE,1.0,1.0,1.0,0.0039481387821746,0.0060445161027847,0.036969902048613
REACTOME_DEGRADATION_OF_DVL,1.0,1.0,1.0,3.3205747307908705e-17,4.35838407809798e-13,4.4663983026703203e-08
REACTOME_DEGRADATION_OF_GLI1_BY_THE_PROTEASOME,1.0,1.0,1.0,2.7509457082040397e-15,3.044134245591621e-13,9.91360408122121e-08
REACTOME_DEGRADATION_OF_THE_EXTRACELLULAR_MATRIX,2.22881693416574e-05,0.0001015611030694,0.0094679103058365,1.0,1.0,1.0
REACTOME_DETOXIFICATION_OF_REACTIVE_OXYGEN_SPECIES,1.0,1.0,1.0,0.005159081339195,0.0163585058245948,1.0
REACTOME_DEUBIQUITINATION,1.0,1.0,1.0,1.47649933231996e-08,4.4573570510420095e-06,6.520110279946189e-06
REACTOME_DISEASES_ASSOCIATED_WITH_GLYCOSAMINOGLYCAN_METABOLISM,1.0,0.0148652486176822,1.0,1.0,1.0,1.0
REACTOME_DISEASES_ASSOCIATED_WITH_GLYCOSYLATION_PRECURSOR_BIOSYNTHESIS,1.0,1.0,1.0,0.0003116988132114,0.0094253425984896,0.0035876145571405
REACTOME_DISEASES_OF_MITOTIC_CELL_CYCLE,1.0,1.0,1.0,0.035827004615299,1.0,0.0107519849576401
REACTOME_DISEASES_OF_SIGNAL_TRANSDUCTION_BY_GROWTH_FACTOR_RECEPTORS_AND_SECOND_MESSENGERS,1.0,1.0,1.0,1.42944106413056e-05,2.01015017210858e-06,4.72000990929042e-06
REACTOME_DISORDERS_OF_TRANSMEMBRANE_TRANSPORTERS,1.0,1.0,1.0,1.9321342753429806e-08,1.9286172351413e-06,7.14442110690754e-06
REACTOME_DNA_DAMAGE_RECOGNITION_IN_GG_NER,1.0,1.0,1.0,0.005159081339195,0.0163585058245948,1.0
REACTOME_DNA_REPAIR,1.0,1.0,1.0,0.0308878200115667,1.0,1.0
REACTOME_DNA_REPLICATION,1.0,1.0,1.0,2.0922032438476902e-10,5.98139442668108e-08,2.15657568820246e-05
REACTOME_DNA_REPLICATION_PRE_INITIATION,1.0,1.0,1.0,2.6628030548665204e-09,2.97507856400379e-07,0.0001170721686543
REACTOME_DOWNSTREAM_SIGNALING_EVENTS_OF_B_CELL_RECEPTOR_BCR,1.0,1.0,1.0,5.7550649213248303e-11,1.4466684143677602e-09,2.0489889555517e-07
REACTOME_DUAL_INCISION_IN_TC_NER,1.0,1.0,1.0,0.0057401120235398,0.0060445161027847,0.0126456672385292
REACTOME_E3_UBIQUITIN_LIGASES_UBIQUITINATE_TARGET_PROTEINS,1.0,1.0,1.0,1.0,1.0,0.0457934980393048
REACTOME_ECM_PROTEOGLYCANS,3.7167665210842704e-09,7.893161245360679e-11,2.0392810761015002e-10,1.0,1.0,1.0
REACTOME_ELASTIC_FIBRE_FORMATION,1.23706918196254e-07,9.095952354051828e-07,0.0001920510748705,1.0,1.0,1.0
REACTOME_ENDOSOMAL_SORTING_COMPLEX_REQUIRED_FOR_TRANSPORT_ESCRT,1.0,1.0,1.0,8.08530702337742e-07,6.293457816866289e-05,0.0007630517930532
REACTOME_EPHB_MEDIATED_FORWARD_SIGNALING,1.0,1.0,1.0,0.0095201498328506,0.0102027876105001,0.0068748238488869
REACTOME_EPH_EPHRIN_MEDIATED_REPULSION_OF_CELLS,1.0,1.0,1.0,0.0469193453404535,0.0346764399797334,1.0
REACTOME_EPH_EPHRIN_SIGNALING,1.0,1.0,1.0,0.0014261626421984,0.0002134454704295,0.000777137245972
REACTOME_ER_QUALITY_CONTROL_COMPARTMENT_ERQC,1.0,1.0,1.0,0.0317288775472788,0.0019251464681981,0.003560320854072
REACTOME_ER_TO_GOLGI_ANTEROGRADE_TRANSPORT,1.0,1.0,1.0,3.65133543527536e-08,6.106742541430989e-06,2.0489889555517e-07
REACTOME_ESTROGEN_DEPENDENT_GENE_EXPRESSION,1.0,1.0,1.0,1.0,0.0414938378145921,1.0
REACTOME_EUKARYOTIC_TRANSLATION_ELONGATION,1.0,1.0,5.74920988804605e-12,2.56029973544769e-21,1.6433773274841298e-05,1.0
REACTOME_EUKARYOTIC_TRANSLATION_INITIATION,1.0,1.0,1.4497616127771101e-09,4.2199100727457305e-29,1.5474543184430801e-09,1.0
REACTOME_EXTRACELLULAR_MATRIX_ORGANIZATION,4.919843105668011e-15,1.5751449211090304e-13,1.16619882319427e-10,1.0,1.0,1.0
REACTOME_FATTY_ACID_METABOLISM,1.0,1.0,1.0,0.0011155171331746,0.0019348795754536,0.0011384963378186
REACTOME_FCERI_MEDIATED_NF_KB_ACTIVATION,1.0,1.0,1.0,1.0214600074100899e-10,4.8294098844596e-10,3.00101968198446e-07
REACTOME_FC_EPSILON_RECEPTOR_FCERI_SIGNALING,1.0,1.0,1.0,2.2656593208163797e-06,2.4442408221151095e-07,0.0001749239503569
REACTOME_FGFR2_ALTERNATIVE_SPLICING,1.0,1.0,1.0,5.05404336004378e-06,0.0001144668095251,0.0002805937231251
REACTOME_FOLDING_OF_ACTIN_BY_CCT_TRIC,1.0,1.0,1.0,0.0009404867157795,0.0026650224366524,0.0249544934620189
REACTOME_FORMATION_OF_ATP_BY_CHEMIOSMOTIC_COUPLING,1.0,1.0,1.0,0.0009387626136556,0.0239987708524272,1.0
REACTOME_FORMATION_OF_INCISION_COMPLEX_IN_GG_NER,1.0,1.0,1.0,0.0403613265111345,0.006089427083466,1.0
REACTOME_FORMATION_OF_RNA_POL_II_ELONGATION_COMPLEX,1.0,1.0,1.0,0.0021823916814003,0.0031055182980926,0.0067774469568211
REACTOME_FORMATION_OF_TC_NER_PRE_INCISION_COMPLEX,1.0,1.0,1.0,0.0001969234907217,0.0003384818935174,0.0009330972909742
REACTOME_FORMATION_OF_THE_EARLY_ELONGATION_COMPLEX,1.0,1.0,1.0,0.0011018575125874,0.0019405386950602,0.0039009696814189
REACTOME_G0_AND_EARLY_G1,1.0,1.0,1.0,1.0,0.0057523794906758,0.0098842976592883
REACTOME_G1_S_DNA_DAMAGE_CHECKPOINTS,1.0,1.0,1.0,2.12393854688893e-12,2.3260071791096002e-10,2.5702696897923e-06
REACTOME_G2_M_CHECKPOINTS,1.0,1.0,1.0,2.7753199681528796e-07,2.3375811634051298e-06,0.000197362490785
REACTOME_GENE_AND_PROTEIN_EXPRESSION_BY_JAK_STAT_SIGNALING_AFTER_INTERLEUKIN_12_STIMULATION,1.0,1.0,1.0,3.2957326283243e-06,1.84374970006363e-05,0.0009035845775438
REACTOME_GLOBAL_GENOME_NUCLEOTIDE_EXCISION_REPAIR_GG_NER,1.0,1.0,1.0,0.0041683753009962,0.0207055742428871,0.038509046080808
REACTOME_GLUCONEOGENESIS,1.0,1.0,1.0,0.0025723526470711,0.0122885441698126,1.0
REACTOME_GLUCOSE_METABOLISM,1.0,1.0,1.0,0.0008001822813298,0.015935019311895,0.0088229775390815
REACTOME_GOLGI_ASSOCIATED_VESICLE_BIOGENESIS,1.0,1.0,1.0,0.0016024144756369,7.94428045973908e-05,0.0002575826664479
REACTOME_GOLGI_CISTERNAE_PERICENTRIOLAR_STACK_REORGANIZATION,1.0,1.0,1.0,0.0039481387821746,0.0009983348926809,0.0093837299374243
REACTOME_GOLGI_TO_ER_RETROGRADE_TRANSPORT,1.0,1.0,1.0,0.019398101869926,0.0076145244463557,0.0016464876818697
REACTOME_GP1B_IX_V_ACTIVATION_SIGNALLING,1.0,0.0139224419689646,0.0043702586545391,1.0,1.0,1.0
REACTOME_GRB2_SOS_PROVIDES_LINKAGE_TO_MAPK_SIGNALING_FOR_INTEGRINS,0.030932162280597,0.0279939955108368,0.0122252520296904,1.0,1.0,1.0
REACTOME_HCMV_INFECTION,1.0,1.0,1.0,0.002979614089701,1.0,0.0165000782417061
REACTOME_HCMV_LATE_EVENTS,1.0,1.0,1.0,0.0214621094005645,1.0,1.0
REACTOME_HEDGEHOG_LIGAND_BIOGENESIS,1.0,1.0,1.0,9.080136019533791e-15,6.53778825241882e-14,9.91360408122121e-08
REACTOME_HEDGEHOG_OFF_STATE,1.0,1.0,1.0,7.2337044125851695e-06,6.4766750979928e-06,0.0046674999060624
REACTOME_HEDGEHOG_ON_STATE,1.0,1.0,1.0,1.4676942739795501e-09,1.85463822487667e-08,0.0001201599622535
REACTOME_HIV_ELONGATION_ARREST_AND_RECOVERY,1.0,1.0,1.0,0.0001605903847341,6.293457816866289e-05,0.000174895950162
REACTOME_HIV_INFECTION,1.0,1.0,1.0,3.13196294213748e-23,2.7734883929165006e-18,5.46141539503093e-16
REACTOME_HIV_LIFE_CYCLE,1.0,1.0,1.0,9.517457836535471e-09,1.89633780399494e-06,1.01991796810396e-06
REACTOME_HIV_TRANSCRIPTION_ELONGATION,1.0,1.0,1.0,0.0010862324181353,0.0003064220297034,0.0007978506485515
REACTOME_HOST_INTERACTIONS_OF_HIV_FACTORS,1.0,1.0,1.0,5.73334153523027e-17,4.0688499791043e-14,4.04248836973711e-12
REACTOME_HSF1_ACTIVATION,1.0,1.0,1.0,1.0,0.0400048971336754,0.0220833435480677
REACTOME_HSF1_DEPENDENT_TRANSACTIVATION,1.0,0.0356987286963837,0.0329474905378312,1.0,1.0,0.0205631694733036
REACTOME_HSP90_CHAPERONE_CYCLE_FOR_STEROID_HORMONE_RECEPTORS_SHR_IN_THE_PRESENCE_OF_LIGAND,0.0289022648326447,1.0,1.0,1.0,1.0,0.0017068095420645
REACTOME_IMMUNOREGULATORY_INTERACTIONS_BETWEEN_A_LYMPHOID_AND_A_NON_LYMPHOID_CELL,1.0,0.0443865181142578,1.0,1.0,1.0,1.0
REACTOME_INACTIVATION_OF_CSF3_G_CSF_SIGNALING,1.0,1.0,1.0,1.0,0.0231317671375405,1.0
REACTOME_INFECTION_WITH_MYCOBACTERIUM_TUBERCULOSIS,1.0,1.0,1.0,0.0201426073689415,0.0400048971336754,0.0220833435480677
REACTOME_INFLUENZA_INFECTION,1.0,1.0,7.142609938773768e-10,1.01949127191508e-22,9.99283138392852e-09,1.0
REACTOME_INHIBITION_OF_THE_PROTEOLYTIC_ACTIVITY_OF_APC_C_REQUIRED_FOR_THE_ONSET_OF_ANAPHASE_BY_MITOTIC_SPINDLE_CHECKPOINT_COMPONENTS,1.0,1.0,1.0,0.0317288775472788,1.0,0.0131653043116731
REACTOME_INITIAL_TRIGGERING_OF_COMPLEMENT,0.003202194761755,1.0,1.0,1.0,1.0,1.0
REACTOME_INITIATION_OF_NUCLEAR_ENVELOPE_NE_REFORMATION,1.0,1.0,1.0,0.0326161835342908,1.0,1.0
REACTOME_INSERTION_OF_TAIL_ANCHORED_PROTEINS_INTO_THE_ENDOPLASMIC_RETICULUM_MEMBRANE,1.0,1.0,1.0,0.0037623781518685,0.0006528911496498,0.0054324983120288
REACTOME_INTEGRIN_CELL_SURFACE_INTERACTIONS,1.41743292784365e-07,3.4361179430731e-07,4.96807379420472e-08,1.0,1.0,1.0
REACTOME_INTERACTIONS_OF_REV_WITH_HOST_CELLULAR_PROTEINS,1.0,1.0,1.0,0.0158030899275855,0.0496401488278228,0.0046674999060624
REACTOME_INTERCONVERSION_OF_NUCLEOTIDE_DI_AND_TRIPHOSPHATES,1.0,1.0,1.0,0.0382069823387386,1.0,1.0
REACTOME_INTERLEUKIN_12_FAMILY_SIGNALING,1.0,1.0,1.0,0.0002738578026736,3.22241677752443e-05,0.0067774469568211
REACTOME_INTERLEUKIN_12_SIGNALING,1.0,1.0,1.0,2.24487791806037e-05,1.31415768777674e-05,0.0047770861623532
REACTOME_INTERLEUKIN_1_FAMILY_SIGNALING,1.0,1.0,1.0,0.0005547775456705,0.0002003440403105,0.0281164540129816
REACTOME_INTERLEUKIN_1_SIGNALING,1.0,1.0,1.0,2.44658122814404e-07,8.81027706640046e-08,0.000263070612511
REACTOME_INTERLEUKIN_4_AND_INTERLEUKIN_13_SIGNALING,0.0173935846978763,0.0443865181142578,1.0,1.0,1.0,1.0
REACTOME_INTRACELLULAR_SIGNALING_BY_SECOND_MESSENGERS,1.0,1.0,1.0,0.000764287014737,0.0033251628437791,0.0095505545724229
REACTOME_INTRA_GOLGI_AND_RETROGRADE_GOLGI_TO_ER_TRAFFIC,1.0,1.0,1.0,0.0086674179623974,0.0014130418813361,0.0010378613416389
REACTOME_INTRINSIC_PATHWAY_FOR_APOPTOSIS,1.0,1.0,1.0,1.0,1.0,0.0264714577609197
REACTOME_IRE1ALPHA_ACTIVATES_CHAPERONES,1.0,1.0,1.0,0.0026431172793403,0.0018275153233221,0.000152573194768
REACTOME_IRON_UPTAKE_AND_TRANSPORT,1.0,1.0,1.0,0.0496395632866702,1.0,1.0
REACTOME_JOSEPHIN_DOMAIN_DUBS,1.0,1.0,1.0,1.0,1.0,0.038509046080808
REACTOME_KILLING_MECHANISMS,1.0,1.0,1.0,1.0,0.0474756897690546,1.0
REACTOME_L1CAM_INTERACTIONS,0.0031222909508591,1.0,1.0,1.0,1.0,1.0
REACTOME_LAMININ_INTERACTIONS,0.0002747460176998,0.0031742018921304,0.0027546630409811,1.0,1.0,1.0
REACTOME_LATE_ENDOSOMAL_MICROAUTOPHAGY,1.0,1.0,1.0,0.0083572955300887,0.0038886222047487,0.0468700158242851
REACTOME_LYSOSOME_VESICLE_BIOGENESIS,1.0,1.0,1.0,0.0310877232960039,0.005425982045354,0.0097505596083461
REACTOME_MAP2K_AND_MAPK_ACTIVATION,1.0,0.0139224419689646,0.0149627154373168,1.0,1.0,1.0
REACTOME_MAPK6_MAPK4_SIGNALING,1.0,1.0,1.0,7.186854038885121e-12,4.2935124361197e-12,7.5411753940871e-08
REACTOME_MAPK_FAMILY_SIGNALING_CASCADES,1.0,1.0,1.0,1.0,0.0056340157041139,0.040500241818322
REACTOME_MASTL_FACILITATES_MITOTIC_PROGRESSION,1.0,1.0,1.0,0.0450311925368182,1.0,1.0
REACTOME_MATURATION_OF_SARS_COV_2_SPIKE_PROTEIN,1.0,1.0,1.0,0.0004226396800905,3.63608484019123e-05,0.0187152964830233
REACTOME_METABOLISM_OF_AMINO_ACIDS_AND_DERIVATIVES,1.0,1.0,0.0005287910147563,1.21997789287335e-23,2.8705257287864497e-11,0.0303203464835478
REACTOME_METABOLISM_OF_FAT_SOLUBLE_VITAMINS,1.0,0.0203041316608791,1.0,1.0,1.0,1.0
REACTOME_METABOLISM_OF_NITRIC_OXIDE_NOS3_ACTIVATION_AND_REGULATION,1.0,1.0,1.0,0.0077472587749572,0.0103113242037168,0.0156121649477761
REACTOME_METABOLISM_OF_NUCLEOTIDES,1.0,1.0,1.0,0.001111612952638,1.0,0.0099063008070776
REACTOME_METABOLISM_OF_POLYAMINES,1.0,1.0,1.0,2.8611006109751197e-16,4.68701676467467e-14,9.91360408122121e-08
REACTOME_METABOLISM_OF_STEROIDS,1.0,1.0,1.0,0.0096632698033291,1.0,1.0
REACTOME_MET_ACTIVATES_PTK2_SIGNALING,0.0024857666160162,0.0004743091385341,0.0031594945825931,1.0,1.0,1.0
REACTOME_MET_PROMOTES_CELL_MOTILITY,0.0006323430394907,0.0003273081121049,0.002978863249524,1.0,1.0,1.0
REACTOME_MHC_CLASS_II_ANTIGEN_PRESENTATION,0.0192440256297492,1.0,1.0,1.0,0.0046252138509769,0.0015933868797471
REACTOME_MITOCHONDRIAL_BIOGENESIS,1.0,1.0,1.0,0.0116892635244222,0.0108016963644397,1.0
REACTOME_MITOCHONDRIAL_CALCIUM_ION_TRANSPORT,1.0,1.0,1.0,7.50030367306325e-08,0.0010990687288899,9.07071970891947e-05
REACTOME_MITOCHONDRIAL_FATTY_ACID_BETA_OXIDATION,1.0,1.0,1.0,0.0007472975220196,5.96354049349883e-05,0.0007020953825077
REACTOME_MITOCHONDRIAL_FATTY_ACID_BETA_OXIDATION_OF_SATURATED_FATTY_ACIDS,1.0,1.0,1.0,0.0082684619242635,0.0026650224366524,0.0249544934620189
REACTOME_MITOCHONDRIAL_PROTEIN_IMPORT,1.0,1.0,1.0,2.8787415615900003e-13,2.30657387812136e-07,4.72000990929042e-06
REACTOME_MITOCHONDRIAL_TRANSLATION,1.0,1.0,1.0,9.50411168212778e-37,1.74823667046359e-19,4.37462144463474e-12
REACTOME_MITOPHAGY,1.0,1.0,1.0,0.0025714860178868,0.0188742223058339,0.027981040389261
REACTOME_MITOTIC_G1_PHASE_AND_G1_S_TRANSITION,1.0,1.0,1.0,3.63048108925834e-15,8.81618557193225e-12,3.0203067075170093e-09
REACTOME_MITOTIC_G2_G2_M_PHASES,1.0,1.0,1.0,6.089377792858639e-06,8.6555803014651e-05,0.0049970205282353
REACTOME_MITOTIC_METAPHASE_AND_ANAPHASE,1.0,1.0,1.0,3.224368661127901e-13,1.20325213173847e-08,6.0457441259775e-08
REACTOME_MITOTIC_PROPHASE,1.0,1.0,1.0,0.0054514965021425,0.0496270870328838,0.0310375839247267
REACTOME_MITOTIC_SPINDLE_CHECKPOINT,1.0,1.0,1.0,1.0,1.0,0.0346734239027393
REACTOME_MOLECULES_ASSOCIATED_WITH_ELASTIC_FIBRES,1.33321858085571e-05,2.2922522202228e-06,0.0003693124564468,1.0,1.0,1.0
REACTOME_MRNA_CAPPING,1.0,1.0,1.0,0.0284977380124714,1.0,1.0
REACTOME_MRNA_SPLICING,1.0,1.0,1.0,8.88309623135653e-26,3.2447025756859097e-20,1.016938502237e-21
REACTOME_MRNA_SPLICING_MINOR_PATHWAY,1.0,1.0,1.0,1.0890499293351401e-09,2.27690403628372e-08,2.74271500484466e-06
REACTOME_MTORC1_MEDIATED_SIGNALLING,1.0,1.0,1.0,0.0092203751968138,1.0,1.0
REACTOME_MTOR_SIGNALLING,1.0,1.0,1.0,0.0128090905000327,1.0,1.0
REACTOME_MUSCLE_CONTRACTION,2.74064517470606e-07,6.26266871218684e-06,5.9066000482933795e-05,1.0,1.0,1.0
REACTOME_M_PHASE,1.0,1.0,1.0,3.7017278271618704e-09,4.6733538393047796e-07,5.238011026608119e-06
REACTOME_NCAM1_INTERACTIONS,1.0,0.0148652486176822,1.0,1.0,1.0,1.0
REACTOME_NEDDYLATION,1.0,1.0,1.0,6.159943537279689e-06,1.16690998370347e-05,5.29019741894968e-05
REACTOME_NEF_MEDIATES_DOWN_MODULATION_OF_CELL_SURFACE_RECEPTORS_BY_RECRUITING_THEM_TO_CLATHRIN_ADAPTERS,1.0,1.0,1.0,1.0,1.0,0.0087421451377042
REACTOME_NEGATIVE_REGULATION_OF_MAPK_PATHWAY,1.0,1.0,1.0,1.0,1.0,0.0149503018902766
REACTOME_NEGATIVE_REGULATION_OF_NOTCH4_SIGNALING,1.0,1.0,1.0,6.377563874018931e-20,4.68701676467467e-14,7.675649596683571e-09
REACTOME_NEUTROPHIL_DEGRANULATION,0.001676275769235,1.0,1.0,1.2025545719422099e-11,1.2411743076155699e-12,2.32540998599108e-08
REACTOME_NITRIC_OXIDE_STIMULATES_GUANYLATE_CYCLASE,0.0219011143460604,1.0,1.0,1.0,1.0,1.0
REACTOME_NONSENSE_MEDIATED_DECAY_NMD,1.0,1.0,4.36682436748595e-09,2.41802342412529e-22,3.43667748529521e-07,1.0
REACTOME_NON_INTEGRIN_MEMBRANE_ECM_INTERACTIONS,4.75762601078616e-08,8.627120711361499e-08,4.10504054478334e-07,1.0,1.0,1.0
REACTOME_NOTCH4_ACTIVATION_AND_TRANSMISSION_OF_SIGNAL_TO_THE_NUCLEUS,1.0,1.0,1.0,1.0,0.0302785854203074,0.038509046080808
REACTOME_NUCLEAR_ENVELOPE_BREAKDOWN,1.0,1.0,1.0,0.0469193453404535,1.0,1.0
REACTOME_NUCLEAR_ENVELOPE_NE_REASSEMBLY,1.0,1.0,1.0,0.0008185720085952,1.0,0.0219306907035286
REACTOME_NUCLEAR_IMPORT_OF_REV_PROTEIN,1.0,1.0,1.0,0.0450311925368182,1.0,0.0156796609415726
REACTOME_NUCLEAR_PORE_COMPLEX_NPC_DISASSEMBLY,1.0,1.0,1.0,1.0,1.0,0.025123035788471
REACTOME_NUCLEOTIDE_EXCISION_REPAIR,1.0,1.0,1.0,0.0001256488170637,0.0003064220297034,0.0011334914179849
REACTOME_N_GLYCAN_ANTENNAE_ELONGATION_IN_THE_MEDIAL_TRANS_GOLGI,1.0,1.0,1.0,1.0,0.0496401488278228,1.0
REACTOME_N_GLYCAN_TRIMMING_IN_THE_ER_AND_CALNEXIN_CALRETICULIN_CYCLE,1.0,1.0,1.0,4.9425997955245795e-06,1.7690481373489197e-07,2.15657568820246e-05
REACTOME_ONCOGENIC_MAPK_SIGNALING,1.0,0.0148652486176822,0.0345629479878439,1.0,1.0,1.0
REACTOME_ORC1_REMOVAL_FROM_CHROMATIN,1.0,1.0,1.0,2.14988808363459e-16,4.68701676467467e-14,6.18960111796251e-08
REACTOME_P130CAS_LINKAGE_TO_MAPK_SIGNALING_FOR_INTEGRINS,0.030932162280597,0.0279939955108368,0.0122252520296904,1.0,1.0,1.0
REACTOME_P75_NTR_RECEPTOR_MEDIATED_SIGNALLING,1.0,1.0,1.0,1.0,0.0302785854203074,1.0
REACTOME_PCP_CE_PATHWAY,1.0,1.0,1.0,3.1716321739410104e-11,5.87814813430504e-09,1.64410018436438e-05
REACTOME_PEROXISOMAL_LIPID_METABOLISM,1.0,1.0,1.0,0.0092203751968138,1.0,0.0330260392448833
REACTOME_PEROXISOMAL_PROTEIN_IMPORT,1.0,1.0,1.0,7.9238599775676e-05,0.0009024720262689,0.000291573700115
REACTOME_PHOSPHORYLATION_OF_THE_APC_C,1.0,1.0,1.0,0.021599354714263,0.0202194707769905,0.0087421451377042
REACTOME_PINK1_PRKN_MEDIATED_MITOPHAGY,1.0,1.0,0.0318239621463212,0.0057108125489764,0.0202194707769905,0.0087421451377042
REACTOME_PLATELET_ACTIVATION_SIGNALING_AND_AGGREGATION,1.4619265314286101e-08,1.0094939612005901e-07,9.932889821016806e-10,1.0,1.0,1.0
REACTOME_PLATELET_ADHESION_TO_EXPOSED_COLLAGEN,1.0,0.0237639124413083,0.0100384597058895,1.0,1.0,1.0
REACTOME_PLATELET_AGGREGATION_PLUG_FORMATION,0.038372049622188,0.0103422060340003,0.0110855194886794,1.0,1.0,1.0
REACTOME_POSITIVE_EPIGENETIC_REGULATION_OF_RRNA_EXPRESSION,1.0,1.0,1.0,1.0,0.0430687453411115,1.0
REACTOME_POTENTIAL_THERAPEUTICS_FOR_SARS,1.0,1.0,1.0,1.54432480534952e-05,1.432936043129e-06,9.14387272507374e-07
REACTOME_PRE_NOTCH_PROCESSING_IN_GOLGI,1.0,1.0,1.0,1.0,0.0239987708524272,1.0
REACTOME_PROCESSING_OF_CAPPED_INTRONLESS_PRE_MRNA,1.0,1.0,1.0,0.041773886933727,1.0,0.0431056779619622
REACTOME_PROCESSING_OF_CAPPED_INTRON_CONTAINING_PRE_MRNA,1.0,1.0,1.0,1.07996508815569e-27,9.774898621219821e-21,5.54130432585918e-23
REACTOME_PROCESSING_OF_INTRONLESS_PRE_MRNAS,1.0,1.0,1.0,1.0,1.0,0.045698927173024
REACTOME_PROCESSING_OF_SMDT1,1.0,1.0,1.0,4.66664690552281e-06,0.0034577265601505,0.0011483163158813
REACTOME_PROGRAMMED_CELL_DEATH,1.0,1.0,1.0,1.9924920888939905e-11,5.327851432876669e-09,6.02121131176343e-08
REACTOME_PROTEIN_LOCALIZATION,1.0,1.0,1.0,1.52900396183958e-17,1.5312719733916602e-11,6.528731464001659e-11
REACTOME_PROTEIN_UBIQUITINATION,1.0,1.0,1.0,1.0,0.0430687453411115,0.0046746447523977
REACTOME_PTEN_REGULATION,1.0,1.0,1.0,1.0925276968491999e-12,2.6683222373939094e-09,8.479145550062789e-07
REACTOME_PURINE_CATABOLISM,1.0,1.0,1.0,0.0214926225751353,1.0,0.0328448115798651
REACTOME_PYROPTOSIS,1.0,1.0,1.0,1.0,1.0,0.027981040389261
REACTOME_PYRUVATE_METABOLISM,1.0,1.0,1.0,1.0,0.0200673143895514,1.0
REACTOME_PYRUVATE_METABOLISM_AND_CITRIC_ACID_TCA_CYCLE,1.0,1.0,1.0,1.56177501203124e-06,1.03019089459846e-07,0.0010453526270984
REACTOME_RAB_GERANYLGERANYLATION,1.0,1.0,1.0,1.0,0.0340820081234969,0.0068798858439287
REACTOME_RAC2_GTPASE_CYCLE,1.0,1.0,1.0,1.0,0.022331771862827,1.0
REACTOME_RAC3_GTPASE_CYCLE,1.0,1.0,1.0,1.0,0.0238302805571532,1.0
REACTOME_RAF_ACTIVATION,1.0,1.0,1.0,1.0,1.0,0.0033965488759019
REACTOME_RAP1_SIGNALLING,0.0378388178804438,1.0,1.0,1.0,1.0,1.0
REACTOME_RECYCLING_PATHWAY_OF_L1,1.0,1.0,0.0169130052980761,1.0,1.0,1.0
REACTOME_REGULATED_NECROSIS,1.0,1.0,1.0,0.0303355523423057,0.0079102382102565,0.0067774469568211
REACTOME_REGULATED_PROTEOLYSIS_OF_P75NTR,1.0,1.0,1.0,1.0,0.0302785854203074,1.0
REACTOME_REGULATION_OF_CHOLESTEROL_BIOSYNTHESIS_BY_SREBP_SREBF,1.0,1.0,1.0,0.0008001822813298,0.0187602134930656,1.0
REACTOME_REGULATION_OF_EXPRESSION_OF_SLITS_AND_ROBOS,1.0,1.0,2.47778344027356e-08,9.518487709500531e-31,1.6322660183413304e-13,0.0364753582122094
REACTOME_REGULATION_OF_HMOX1_EXPRESSION_AND_ACTIVITY,1.0,1.0,1.0,6.0458064397455604e-18,6.2667988728329e-15,3.5303820965331705e-09
REACTOME_REGULATION_OF_HSF1_MEDIATED_HEAT_SHOCK_RESPONSE,1.0,1.0,1.0,0.0078841680995564,1.0,0.0236317211643186
REACTOME_REGULATION_OF_INSULIN_LIKE_GROWTH_FACTOR_IGF_TRANSPORT_AND_UPTAKE_BY_INSULIN_LIKE_GROWTH_FACTOR_BINDING_PROTEINS_IGFBPS,2.2324309009772103e-09,7.535945840745221e-11,4.36682436748595e-09,1.0,1.0,1.0
REACTOME_REGULATION_OF_MRNA_STABILITY_BY_PROTEINS_THAT_BIND_AU_RICH_ELEMENTS,1.0,1.0,1.0,1.1779489117640801e-14,1.5283696417540199e-10,1.1578515221735201e-07
REACTOME_REGULATION_OF_PTEN_STABILITY_AND_ACTIVITY,1.0,1.0,1.0,5.0005363987003695e-15,2.4610564431913697e-11,1.49827767495621e-06
REACTOME_REGULATION_OF_RAS_BY_GAPS,1.0,1.0,1.0,4.449995210337339e-12,2.07847540778603e-09,3.7157123640439e-06
REACTOME_REGULATION_OF_RUNX2_EXPRESSION_AND_ACTIVITY,1.0,1.0,1.0,5.88614321797877e-12,3.838200898483019e-10,1.0881443762891e-05
REACTOME_REGULATION_OF_RUNX3_EXPRESSION_AND_ACTIVITY,1.0,1.0,1.0,3.5046937553277904e-14,3.0539823076284897e-11,1.01991796810396e-06
REACTOME_REGULATION_OF_TNFR1_SIGNALING,1.0,1.0,1.0,1.0,1.0,0.025123035788471
REACTOME_REGULATION_OF_TP53_EXPRESSION_AND_DEGRADATION,1.0,1.0,1.0,0.0078841680995564,1.0,0.038509046080808
REACTOME_RESPIRATORY_ELECTRON_TRANSPORT,1.0,0.0006205638057187,0.0027800492248478,2.2885499902552298e-18,4.35838407809798e-13,0.0016558480644855
REACTOME_RESPIRATORY_ELECTRON_TRANSPORT_ATP_SYNTHESIS_BY_CHEMIOSMOTIC_COUPLING_AND_HEAT_PRODUCTION_BY_UNCOUPLING_PROTEINS,1.0,0.0001563018587396,0.0003230199099853,1.19957281429689e-20,4.32518431853937e-14,0.0047478277179912
REACTOME_RESPONSE_OF_EIF2AK4_GCN2_TO_AMINO_ACID_DEFICIENCY,1.0,1.0,5.560177428434938e-10,8.350937107281492e-19,3.73691970970623e-05,1.0
REACTOME_RESPONSE_OF_MTB_TO_PHAGOCYTOSIS,1.0,1.0,1.0,0.0037623781518685,0.0121147522166978,0.0187665030200538
REACTOME_RESPONSE_TO_ELEVATED_PLATELET_CYTOSOLIC_CA2,7.488533715924468e-10,6.005279950885151e-09,9.92388574133682e-12,1.0,1.0,1.0
REACTOME_RHOBTB1_GTPASE_CYCLE,1.0,1.0,1.0,0.0002998607041241,0.0496401488278228,0.0020822468477609
REACTOME_RHOBTB2_GTPASE_CYCLE,1.0,1.0,1.0,5.01173208080424e-05,3.26942335025169e-05,9.07071970891947e-05
REACTOME_RHOBTB_GTPASE_CYCLE,1.0,1.0,1.0,2.55230514771929e-05,0.0023141283660167,0.00010579628556
REACTOME_RHOB_GTPASE_CYCLE,0.0231115874479316,1.0,1.0,1.0,1.0,1.0
REACTOME_RHOD_GTPASE_CYCLE,0.0152797889371188,0.0314759549854193,0.0435093215747095,1.0,1.0,1.0
REACTOME_RHOF_GTPASE_CYCLE,0.0007390973003092,0.0025383533712141,0.0149627154373168,1.0,1.0,1.0
REACTOME_RHOG_GTPASE_CYCLE,1.0,1.0,1.0,0.0050290469041618,0.0015493335199879,0.00164502123741
REACTOME_RHOU_GTPASE_CYCLE,1.0,1.0,1.0,1.0,0.0257074609437197,0.038509046080808
REACTOME_RHOV_GTPASE_CYCLE,1.0,1.0,1.0,1.0,0.0316347110527716,0.0472796106270933
REACTOME_RHO_GTPASES_ACTIVATE_CIT,0.001951000690056,0.0064267972264913,0.0040193930883849,1.0,1.0,1.0
REACTOME_RHO_GTPASES_ACTIVATE_KTN1,1.0,1.0,1.0,1.0,0.0302785854203074,0.038509046080808
REACTOME_RHO_GTPASES_ACTIVATE_PAKS,0.0004178839275296,0.0012707267246097,0.0006811874942827,1.0,1.0,1.0
REACTOME_RHO_GTPASES_ACTIVATE_PKNS,1.0,0.00761152313042,0.0468511562543039,1.0,1.0,1.0
REACTOME_RHO_GTPASES_ACTIVATE_ROCKS,0.0002191012530889,0.0064267972264913,0.0040193930883849,1.0,1.0,1.0
REACTOME_RHO_GTPASES_ACTIVATE_WASPS_AND_WAVES,1.0,1.0,1.0,1.0,0.0162023487443371,1.0
REACTOME_RHO_GTPASE_CYCLE,0.0145306302308731,1.0,1.0,0.0405285951992276,0.0114557164606762,0.000812531907375
REACTOME_RHO_GTPASE_EFFECTORS,0.0107453894527392,0.0294389351558345,1.0,1.0,0.0178039477776611,0.0012966029346026
REACTOME_RNA_POLYMERASE_II_TRANSCRIBES_SNRNA_GENES,1.0,1.0,1.0,0.0366107614782582,1.0,1.0
REACTOME_RNA_POLYMERASE_II_TRANSCRIPTION_TERMINATION,1.0,1.0,1.0,1.72361980890923e-07,2.19305960052283e-06,9.14387272507374e-07
REACTOME_RND3_GTPASE_CYCLE,0.0173935846978763,1.0,1.0,1.0,1.0,1.0
REACTOME_RRNA_MODIFICATION_IN_THE_NUCLEUS_AND_CYTOSOL,1.0,1.0,1.0,3.50696673742055e-05,1.0,1.0
REACTOME_RRNA_PROCESSING,1.0,1.0,5.01743210353213e-05,4.772019704771751e-23,2.12619991569501e-06,1.0
REACTOME_RUNX1_REGULATES_TRANSCRIPTION_OF_GENES_INVOLVED_IN_DIFFERENTIATION_OF_HSCS,1.0,1.0,1.0,1.5263311236493302e-08,4.59939015798057e-07,0.0001931242873444
REACTOME_SARS_COV_1_INFECTION,1.0,1.0,1.0,0.005361586336304,0.0038588444673187,1.0
REACTOME_SARS_COV_2_INFECTION,1.0,1.0,1.0,3.0410567409001e-07,5.81582425284085e-07,0.000825063780056
REACTOME_SARS_COV_INFECTIONS,1.0,1.0,1.0,5.382415040411061e-12,1.24841408747962e-12,1.5975129973883901e-09
REACTOME_SCAVENGING_BY_CLASS_A_RECEPTORS,0.0132930579586613,0.0007889308973021,0.0003812027085609,1.0,1.0,1.0
REACTOME_SCF_SKP2_MEDIATED_DEGRADATION_OF_P27_P21,1.0,1.0,1.0,8.413361449149451e-18,1.6548281571660998e-14,4.0309889544524695e-10
REACTOME_SELECTIVE_AUTOPHAGY,0.0271337237902203,1.0,0.0044982732205224,0.0039481387821746,0.0302209820140618,0.0277994332433516
REACTOME_SELENOAMINO_ACID_METABOLISM,1.0,1.0,6.871664208070249e-09,3.5037558645495596e-22,3.0503575764481e-08,1.0
REACTOME_SEMA4D_INDUCED_CELL_MIGRATION_AND_GROWTH_CONE_COLLAPSE,0.0160462283014482,1.0,0.0318239621463212,1.0,1.0,1.0
REACTOME_SEMA4D_IN_SEMAPHORIN_SIGNALING,0.0062258216402826,1.0,0.0099280329475642,1.0,1.0,1.0
REACTOME_SEMAPHORIN_INTERACTIONS,0.004684690670925,0.0191573935036267,0.0094868984198946,1.0,1.0,1.0
REACTOME_SENESCENCE_ASSOCIATED_SECRETORY_PHENOTYPE_SASP,1.0,1.0,1.0,1.0,0.0037601705799105,0.0181311814140984
REACTOME_SEPARATION_OF_SISTER_CHROMATIDS,1.0,1.0,1.0,1.4249532226407799e-09,2.9527867786582697e-07,1.38402278806063e-06
REACTOME_SIGNALING_BY_ALK_IN_CANCER,1.0,1.0,1.0,1.0,0.0155746718777555,1.0
REACTOME_SIGNALING_BY_BRAF_AND_RAF1_FUSIONS,1.0,0.0203041316608791,0.0355799137353342,1.0,1.0,1.0
REACTOME_SIGNALING_BY_CSF3_G_CSF,1.0,1.0,1.0,1.0,0.0114059348245036,1.0
REACTOME_SIGNALING_BY_CTNNB1_PHOSPHO_SITE_MUTANTS,1.0,1.0,1.0,1.0,1.0,0.0156121649477761
REACTOME_SIGNALING_BY_FGFR2,1.0,1.0,1.0,1.0,0.0496270870328838,0.0246666004313743
REACTOME_SIGNALING_BY_FGFR2_IIIA_TM,1.0,1.0,1.0,0.0214926225751353,1.0,1.0
REACTOME_SIGNALING_BY_HEDGEHOG,1.0,1.0,1.0,7.39124972014988e-05,2.96931284585204e-06,0.0064974057392389
REACTOME_SIGNALING_BY_INTERLEUKINS,1.0,1.0,1.0,0.0177149904113051,0.0008967047333401,1.0
REACTOME_SIGNALING_BY_MET,0.0160462283014482,0.011151468633603,0.0249107866571735,1.0,1.0,1.0
REACTOME_SIGNALING_BY_MODERATE_KINASE_ACTIVITY_BRAF_MUTANTS,1.0,0.0203041316608791,0.025726908471402,1.0,1.0,1.0
REACTOME_SIGNALING_BY_NOTCH,1.0,1.0,1.0,1.64034574427555e-06,2.31810863569152e-08,1.6292476538598898e-06
REACTOME_SIGNALING_BY_NOTCH4,1.0,1.0,1.0,4.9038359843848e-14,8.16121744327108e-12,1.24602744644316e-07
REACTOME_SIGNALING_BY_NTRKS,1.0,1.0,1.0,1.0,1.0,0.0249544934620189
REACTOME_SIGNALING_BY_ROBO_RECEPTORS,1.0,1.0,5.48017021409729e-07,1.4592593990608e-24,1.30237850274518e-11,1.0
REACTOME_SIGNALING_BY_TGF_BETA_RECEPTOR_COMPLEX,1.0,1.0,1.0,0.0499755514189748,0.0205382600168575,1.0
REACTOME_SIGNALING_BY_THE_B_CELL_RECEPTOR_BCR,1.0,1.0,1.0,1.96649064871506e-08,4.33073357188861e-07,0.0001457903123477
REACTOME_SIGNALING_BY_WNT,1.0,1.0,1.0,0.0003583113677983,0.0043338841410698,0.0114943230659391
REACTOME_SMOOTH_MUSCLE_CONTRACTION,2.462610466600251e-13,3.13829972841635e-11,1.3763586856335598e-11,1.0,1.0,1.0
REACTOME_SRP_DEPENDENT_COTRANSLATIONAL_PROTEIN_TARGETING_TO_MEMBRANE,1.0,1.0,5.862410909401231e-10,2.7237943655051097e-28,8.16121744327108e-12,1.0
REACTOME_STABILIZATION_OF_P53,1.0,1.0,1.0,9.20678323011677e-14,5.85445169521318e-11,1.47022001070226e-06
REACTOME_STRIATED_MUSCLE_CONTRACTION,1.0,0.0385503607338595,1.0,1.0,1.0,1.0
REACTOME_SULFUR_AMINO_ACID_METABOLISM,1.0,1.0,1.0,0.0091551849852884,0.0188742223058339,0.027981040389261
REACTOME_SUMOYLATION,1.0,1.0,1.0,0.033181423920608,0.0190123472635668,0.0021989175193723
REACTOME_SUMOYLATION_OF_CHROMATIN_ORGANIZATION_PROTEINS,1.0,1.0,1.0,1.0,1.0,0.0264714577609197
REACTOME_SUMOYLATION_OF_DNA_REPLICATION_PROTEINS,1.0,1.0,1.0,0.0087698709108364,0.0202194707769905,0.002034145837837
REACTOME_SUMOYLATION_OF_IMMUNE_RESPONSE_PROTEINS,1.0,1.0,1.0,1.0,0.0056340157041139,1.0
REACTOME_SUMOYLATION_OF_RNA_BINDING_PROTEINS,1.0,1.0,1.0,1.0,1.0,0.0186769437758798
REACTOME_SUPPRESSION_OF_PHAGOSOMAL_MATURATION,1.0,1.0,1.0,0.0489852629858379,1.0,0.0249544934620189
REACTOME_SWITCHING_OF_ORIGINS_TO_A_POST_REPLICATIVE_STATE,1.0,1.0,1.0,3.27752029063302e-16,4.68701676467467e-14,6.0425062620425905e-09
REACTOME_SYNDECAN_INTERACTIONS,2.51640610063836e-07,1.11921864612613e-07,1.98023065378667e-06,1.0,1.0,1.0
REACTOME_SYNTHESIS_OF_ACTIVE_UBIQUITIN_ROLES_OF_E1_AND_E2_ENZYMES,1.0,1.0,1.0,1.0,0.0407586088484185,0.0086995242854038
REACTOME_SYNTHESIS_OF_DNA,1.0,1.0,1.0,2.11111996481686e-13,2.9672355181743997e-10,1.08204371895244e-06
REACTOME_SYNTHESIS_OF_SUBSTRATES_IN_N_GLYCAN_BIOSYTHESIS,1.0,1.0,1.0,0.00068978604443,0.0007181808467066,0.004663267945308
REACTOME_SYNTHESIS_SECRETION_AND_INACTIVATION_OF_GLUCAGON_LIKE_PEPTIDE_1_GLP_1,1.0,1.0,1.0,0.0317288775472788,0.0282303121987917,1.0
REACTOME_S_PHASE,1.0,1.0,1.0,2.1221266685101402e-14,1.6868364516689702e-11,9.14850287881497e-08
REACTOME_TBC_RABGAPS,1.0,1.0,1.0,1.0,1.0,0.0266963172513452
REACTOME_TCF_DEPENDENT_SIGNALING_IN_RESPONSE_TO_WNT,1.0,1.0,1.0,2.81105128971732e-05,0.0001772299476428,0.0016558480644855
REACTOME_TCR_SIGNALING,1.0,1.0,1.0,4.2750316706876794e-07,3.32013888013504e-08,6.520110279946189e-06
REACTOME_THE_CITRIC_ACID_TCA_CYCLE_AND_RESPIRATORY_ELECTRON_TRANSPORT,1.0,0.0030651665316697,0.0089141829969247,5.31613636109765e-26,1.2793509379704301e-20,1.66577468406515e-05
REACTOME_THE_ROLE_OF_GTSE1_IN_G2_M_PROGRESSION_AFTER_G2_CHECKPOINT,1.0,1.0,1.0,2.36683079843128e-14,2.8481479616794697e-12,9.14850287881497e-08
REACTOME_THE_ROLE_OF_NEF_IN_HIV_1_REPLICATION_AND_DISEASE_PATHOGENESIS,1.0,1.0,1.0,1.0,1.0,0.0098842976592883
REACTOME_TICAM1_RIP1_MEDIATED_IKK_COMPLEX_RECRUITMENT,1.0,1.0,1.0,1.0,1.0,0.0328448115798651
REACTOME_TNFR2_NON_CANONICAL_NF_KB_PATHWAY,1.0,1.0,1.0,3.38831744665513e-08,4.59939015798057e-07,0.0001712260495277
REACTOME_TNF_SIGNALING,1.0,1.0,1.0,1.0,1.0,0.0325598232566074
REACTOME_TP53_REGULATES_METABOLIC_GENES,1.0,1.0,1.0,0.0008001822813298,1.0,1.0
REACTOME_TP53_REGULATES_TRANSCRIPTION_OF_CELL_CYCLE_GENES,1.0,1.0,1.0,0.0174225579452304,0.0128714093431396,0.0228700564874189
REACTOME_TP53_REGULATES_TRANSCRIPTION_OF_DNA_REPAIR_GENES,1.0,1.0,1.0,1.0,0.0024825347787122,0.0055584888481022
REACTOME_TRANSCRIPTIONAL_REGULATION_BY_E2F6,1.0,1.0,1.0,1.0,1.0,0.025123035788471
REACTOME_TRANSCRIPTIONAL_REGULATION_BY_RUNX1,1.0,1.0,1.0,0.0012736215361814,0.0018163108989939,0.0252115114075581
REACTOME_TRANSCRIPTIONAL_REGULATION_BY_RUNX2,1.0,1.0,1.0,3.5841976006498593e-09,5.61809808409319e-08,0.0001469928793949
REACTOME_TRANSCRIPTIONAL_REGULATION_BY_RUNX3,1.0,1.0,1.0,1.22370762464366e-07,1.77273208532704e-07,3.09439990397208e-05
REACTOME_TRANSCRIPTIONAL_REGULATION_BY_SMALL_RNAS,1.0,1.0,1.0,1.0,1.0,0.0221980485342078
REACTOME_TRANSCRIPTIONAL_REGULATION_BY_TP53,1.0,1.0,1.0,3.01664675404636e-08,3.73454720568029e-06,9.99199907461253e-07
REACTOME_TRANSCRIPTIONAL_REGULATION_BY_VENTX,1.0,1.0,1.0,1.0,0.0399666433692144,0.0039512494080889
REACTOME_TRANSCRIPTION_COUPLED_NUCLEOTIDE_EXCISION_REPAIR_TC_NER,1.0,1.0,1.0,0.0007915265289382,0.0064545801156629,0.0068196848797639
REACTOME_TRANSCRIPTION_OF_E2F_TARGETS_UNDER_NEGATIVE_CONTROL_BY_DREAM_COMPLEX,1.0,1.0,1.0,1.0,0.0471183442336533,1.0
REACTOME_TRANSCRIPTION_OF_THE_HIV_GENOME,1.0,1.0,1.0,0.0140694209240496,0.0133924087565314,0.0125146966714239
REACTOME_TRANSLATION,1.0,1.0,9.203729505746508e-07,7.303219852745908e-82,9.41731845396435e-41,1.4191817199262802e-17
REACTOME_TRANSLATION_OF_SARS_COV_1_STRUCTURAL_PROTEINS,1.0,1.0,1.0,1.0,0.0248203073695182,1.0
REACTOME_TRANSLATION_OF_SARS_COV_2_STRUCTURAL_PROTEINS,1.0,1.0,1.0,5.60316102290632e-05,7.39778639427305e-06,0.0079136113881466
REACTOME_TRANSLOCATION_OF_SLC2A4_GLUT4_TO_THE_PLASMA_MEMBRANE,1.0,1.0,1.0,1.0,1.0,0.0345800115347414
REACTOME_TRANSPORT_OF_MATURE_MRNAS_DERIVED_FROM_INTRONLESS_TRANSCRIPTS,1.0,1.0,1.0,1.0,1.0,0.0224017145745163
REACTOME_TRANSPORT_OF_MATURE_TRANSCRIPT_TO_CYTOPLASM,1.0,1.0,1.0,7.549523706270939e-06,7.56520986293694e-05,1.29419464987437e-06
REACTOME_TRANSPORT_TO_THE_GOLGI_AND_SUBSEQUENT_MODIFICATION,1.0,1.0,1.0,2.6569189710016203e-09,1.24570535698931e-07,1.1578515221735201e-07
REACTOME_TRANS_GOLGI_NETWORK_VESICLE_BUDDING,1.0,1.0,1.0,0.0001847141093777,3.724419191200419e-05,5.01156806675869e-05
REACTOME_TRNA_AMINOACYLATION,1.0,1.0,1.0,5.07834497702755e-07,0.0001718966814073,0.0004768585331166
REACTOME_TRNA_PROCESSING_IN_THE_NUCLEUS,1.0,1.0,1.0,1.0,1.0,0.0315845168321736
REACTOME_UB_SPECIFIC_PROCESSING_PROTEASES,1.0,1.0,1.0,5.2137067429145e-08,7.8830731457054e-06,0.0001278310993803
REACTOME_UCH_PROTEINASES,1.0,1.0,1.0,4.808391213668321e-12,3.2895097766916303e-09,1.11819638996365e-06
REACTOME_UNFOLDED_PROTEIN_RESPONSE_UPR,1.0,1.0,1.0,0.0001771896217506,4.73404030243123e-05,0.000197362490785
REACTOME_VEGFR2_MEDIATED_VASCULAR_PERMEABILITY,1.0,1.0,1.0,0.0091551849852884,1.0,1.0
REACTOME_VIRAL_MESSENGER_RNA_SYNTHESIS,1.0,1.0,1.0,0.0095201498328506,1.0,0.018142900117413
REACTOME_VISUAL_PHOTOTRANSDUCTION,1.0,0.0279939955108368,1.0,1.0,1.0,1.0
SA_G1_AND_S_PHASES,1.0,1.0,1.0,1.0,1.0,0.0249544934620189
SIG_PIP3_SIGNALING_IN_CARDIAC_MYOCTES,1.0,1.0,1.0,0.0403810031443599,1.0,0.0345800115347414
SIG_REGULATION_OF_THE_ACTIN_CYTOSKELETON_BY_RHO_GTPASES,0.0069349329104357,0.0001408215167177,0.0013147373781674,0.0310877232960039,1.0,1.0
WP_16P112_PROXIMAL_DELETION_SYNDROME,1.0,1.0,1.0,1.89861895476592e-05,3.0426143661107004e-05,0.002034145837837
WP_4HYDROXYTAMOXIFEN_DEXAMETHASONE_AND_RETINOIC_ACIDS_REGULATION_OF_P27_EXPRESSION,1.0,1.0,1.0,0.0326161835342908,1.0,1.0
WP_7Q1123_COPY_NUMBER_VARIATION_SYNDROME,1.0,1.0,1.0,0.0002998607041241,0.0004064269955485,0.0058721115411997
WP_AGERAGE_PATHWAY,1.0,1.0,1.0,1.0,0.0316347110527716,1.0
WP_AIRWAY_SMOOTH_MUSCLE_CELL_CONTRACTION,0.008505379496784,0.0046551744122123,0.0187415662355738,1.0,1.0,1.0
WP_ALZHEIMERS_DISEASE,1.0,1.0,1.0,0.0032077369765246,0.0021078024275613,0.0087421451377042
WP_ALZHEIMERS_DISEASE_AND_MIRNA_EFFECTS,1.0,1.0,1.0,0.0025028153988161,0.0015800223580577,0.0068196848797639
WP_AMINO_ACID_METABOLISM,1.0,1.0,1.0,2.3868251195528096e-10,3.23584173806628e-08,2.15657568820246e-05
WP_ANDROGEN_RECEPTOR_SIGNALING_PATHWAY,1.0,1.0,0.0486552868491832,1.0,1.0,1.0
WP_ANGIOTENSIN_II_RECEPTOR_TYPE_1_PATHWAY,0.0002191012530889,1.0,0.0022758390161214,1.0,1.0,1.0
WP_APOPTOSIS,1.0,1.0,1.0,1.0,1.0,0.0046674999060624
WP_APOPTOSISRELATED_NETWORK_DUE_TO_ALTERED_NOTCH3_IN_OVARIAN_CANCER,1.0,0.0356987286963837,1.0,1.0,0.0282194254035829,0.0449494007580963
WP_APOPTOSIS_MODULATION_AND_SIGNALING,1.0,1.0,1.0,1.0,1.0,0.0220833435480677
WP_ARRHYTHMOGENIC_RIGHT_VENTRICULAR_CARDIOMYOPATHY,0.0130244010940409,0.0023719241176613,0.0058490187119548,1.0,1.0,1.0
WP_BURN_WOUND_HEALING,0.0001778373771319,2.1066376142702697e-06,0.0005023562712509,1.0,1.0,1.0
WP_CANONICAL_AND_NONCANONICAL_TGFB_SIGNALING,0.0466015167543365,1.0,1.0,1.0,1.0,1.0
WP_CCL18_SIGNALING_PATHWAY,0.0069349329104357,0.0013117672041193,1.0,1.0,1.0,1.0
WP_CELL_CYCLE,1.0,1.0,1.0,0.001154259597364,0.0004147309182497,0.0015031225214038
WP_CHOLESTEROL_BIOSYNTHESIS_PATHWAY,1.0,1.0,1.0,1.7368891268390898e-05,0.0019405386950602,0.0156121649477761
WP_CHOLESTEROL_METABOLISM_WITH_BLOCH_AND_KANDUTSCHRUSSELL_PATHWAYS,1.0,1.0,1.0,0.019764398245563,1.0,1.0
WP_CHROMOSOMAL_AND_MICROSATELLITE_INSTABILITY_IN_COLORECTAL_CANCER,1.0,1.0,1.0,1.0,0.0400048971336754,1.0
WP_CILIARY_LANDSCAPE,1.0,1.0,1.0,0.0083572955300887,0.0008967047333401,0.0001219006775078
WP_COMMON_PATHWAYS_UNDERLYING_DRUG_ADDICTION,0.0010781814971912,0.0160823209926749,1.0,1.0,1.0,1.0
WP_COMPLEMENT_ACTIVATION,3.22829125068233e-05,1.0,1.0,1.0,1.0,1.0
WP_COMPLEMENT_AND_COAGULATION_CASCADES,0.0001186695189868,0.0449578722466246,1.0,1.0,1.0,1.0
WP_COMPLEMENT_SYSTEM,0.001833869351606,0.0232443837350964,1.0,1.0,1.0,1.0
WP_COMPLEMENT_SYSTEM_IN_NEURONAL_DEVELOPMENT_AND_PLASTICITY,0.0043392905384753,0.0119890114654745,1.0,1.0,1.0,1.0
WP_CYTOPLASMIC_RIBOSOMAL_PROTEINS,1.0,1.0,1.15982557412982e-10,1.40178298529445e-21,6.92888548092363e-06,1.0
WP_EBOLA_VIRUS_INFECTION_IN_HOST,0.0001568949249322,0.0001175565738896,0.0008918649982358,1.0,1.0,1.0
WP_EFFECT_OF_PROGERIN_ON_GENES_INVOLVED_IN_HUTCHINSONGILFORD_PROGERIA_SYNDROME,1.0,1.0,1.0,0.0091883558953158,0.008110607169592,0.0131653043116731
WP_EGFEGFR_SIGNALING_PATHWAY,1.0,1.0,1.0,1.0,1.0,0.0087421451377042
WP_ELECTRON_TRANSPORT_CHAIN_OXPHOS_SYSTEM_IN_MITOCHONDRIA,0.021059631965737,3.64500166504088e-07,4.364737931323869e-06,3.7018625282537e-17,5.6427423498080795e-12,0.036969902048613
WP_ENDOCHONDRAL_OSSIFICATION,0.0042724403538613,1.0,1.0,1.0,1.0,1.0
WP_ENDOCHONDRAL_OSSIFICATION_WITH_SKELETAL_DYSPLASIAS,0.0042724403538613,1.0,1.0,1.0,1.0,1.0
WP_ENDOTHELIN_PATHWAYS,1.0,0.0356987286963837,1.0,1.0,1.0,1.0
WP_EXERCISEINDUCED_CIRCADIAN_REGULATION,1.0,1.0,1.0,1.0,0.0469143354840465,1.0
WP_FACTORS_AND_PATHWAYS_AFFECTING_INSULINLIKE_GROWTH_FACTOR_IGF1AKT_SIGNALING,1.0,0.0488898040229745,1.0,1.0,1.0,1.0
WP_FATTY_ACID_BETAOXIDATION,1.0,1.0,1.0,1.41414517417123e-05,9.64493627177181e-05,0.0033965488759019
WP_FATTY_ACID_BIOSYNTHESIS,1.0,1.0,1.0,0.0317288775472788,0.0282303121987917,0.038509046080808
WP_FERROPTOSIS,1.0,1.0,1.0,5.18351882811699e-05,1.0,1.0
WP_FOCAL_ADHESION,3.1659780239477896e-10,1.0377605637029901e-10,1.0586394721781199e-09,1.0,1.0,1.0
WP_FOCAL_ADHESION_PI3KAKTMTORSIGNALING_PATHWAY,0.0221285450113962,0.0488898040229745,1.0,1.0,1.0,1.0
WP_GASTRIN_SIGNALING_PATHWAY,1.0,1.0,1.0,1.0,0.0099317834051076,0.0068929009147166
WP_GENES_CONTROLLING_NEPHROGENESIS,1.0,1.0,0.0212014229406076,1.0,1.0,1.0
WP_GLYCOLYSIS_AND_GLUCONEOGENESIS,1.0,1.0,1.0,0.019764398245563,0.0062282014661907,1.0
WP_GLYCOSYLATION_AND_RELATED_CONGENITAL_DEFECTS,1.0,1.0,1.0,0.0039481387821746,0.0302785854203074,0.0431056779619622
WP_HAIR_FOLLICLE_DEVELOPMENT_CYTODIFFERENTIATION_PART_3_OF_3,0.0221285450113962,1.0,1.0,1.0,1.0,1.0
WP_HEAD_AND_NECK_SQUAMOUS_CELL_CARCINOMA,1.0,1.0,1.0,1.0,1.0,0.0175746793938256
WP_HEPATITIS_C_AND_HEPATOCELLULAR_CARCINOMA,0.0378388178804438,1.0,1.0,1.0,1.0,1.0
WP_HEPATOCYTE_GROWTH_FACTOR_RECEPTOR_SIGNALING,0.0275882770220597,1.0,1.0,1.0,1.0,1.0
WP_HEREDITARY_LEIOMYOMATOSIS_AND_RENAL_CELL_CARCINOMA_PATHWAY,1.0,1.0,1.0,0.021599354714263,0.0202194707769905,0.0286247750737893
WP_HIPPOMERLIN_SIGNALING_DYSREGULATION,0.0130244010940409,1.0,1.0,1.0,1.0,1.0
WP_HYPOTHESIZED_PATHWAYS_IN_PATHOGENESIS_OF_CARDIOVASCULAR_DISEASE,0.0344750883332925,1.0,1.0,1.0,1.0,1.0
WP_IL18_SIGNALING_PATHWAY,0.030932162280597,1.0,1.0,1.0,0.0128431649086281,1.0
WP_INFLAMMATORY_RESPONSE_PATHWAY,0.0004618665285176,0.0039789984570965,0.0202687746750965,1.0,1.0,1.0
WP_INHIBITION_OF_EXOSOME_BIOGENESIS_AND_SECRETION_BY_MANUMYCIN_A_IN_CRPC_CELLS,1.0,1.0,1.0,0.0214926225751353,0.0239987708524272,0.002034145837837
WP_INTEGRATED_CANCER_PATHWAY,1.0,1.0,1.0,0.0403613265111345,0.0384620674224931,1.0
WP_INTEGRINMEDIATED_CELL_ADHESION,0.0029579111284366,0.0025383533712141,0.0090055992137313,1.0,1.0,1.0
WP_INTRACELLULAR_TRAFFICKING_PROTEINS_INVOLVED_IN_CMT_NEUROPATHY,1.0,0.0203041316608791,1.0,1.0,1.0,1.0
WP_MAMMARY_GLAND_DEVELOPMENT_PATHWAY_PUBERTY_STAGE_2_OF_4,1.0,0.0203041316608791,1.0,1.0,1.0,1.0
WP_MECHANOREGULATION_AND_PATHOLOGY_OF_YAPTAZ_VIA_HIPPO_AND_NONHIPPO_MECHANISMS,1.0,0.0221990019744779,1.0,1.0,1.0,1.0
WP_METABOLIC_REPROGRAMMING_IN_COLON_CANCER,1.0,1.0,1.0,4.73696493022e-06,1.5007542287475e-05,0.0001967197311401
WP_MEVALONATE_ARM_OF_CHOLESTEROL_BIOSYNTHESIS_PATHWAY,1.0,1.0,1.0,0.0305706097061578,1.0,1.0
WP_MFAP5_EFFECT_ON_PERMEABILITY_AND_MOTILITY_OF_ENDOTHELIAL_CELLS_VIA_CYTOSKELETON_REARRANGEMENT,0.010849024578966,0.0428072057453079,0.022841856049056,1.0,1.0,1.0
WP_MIR5093P_ALTERATION_OF_YAP1ECM_AXIS,0.0378388178804438,0.0038949312924775,0.0149627154373168,1.0,1.0,1.0
WP_MIRNA_REGULATION_OF_PROSTATE_CANCER_SIGNALING_PATHWAYS,1.0,1.0,1.0,1.0,1.0,0.0468700158242851
WP_MIRNA_TARGETS_IN_ECM_AND_MEMBRANE_RECEPTORS,2.26271780503866e-08,5.536324888553948e-10,1.33578956835341e-08,1.0,1.0,1.0
WP_MITOCHONDRIAL_COMPLEX_III_ASSEMBLY,1.0,1.0,1.0,0.0018484806710807,0.0033251628437791,1.0
WP_MITOCHONDRIAL_COMPLEX_IV_ASSEMBLY,1.0,0.0385503607338595,1.0,0.0114405733553364,1.0,1.0
WP_MITOCHONDRIAL_COMPLEX_I_ASSEMBLY_MODEL_OXPHOS_SYSTEM,1.0,0.0064267972264913,0.0100817354288922,5.21414192511269e-10,7.255480082574279e-09,0.0267149296469484
WP_MITOCHONDRIAL_LONG_CHAIN_FATTY_ACID_BETAOXIDATION,1.0,1.0,1.0,1.19094841143648e-06,1.62885026456439e-06,4.94847171207846e-05
WP_MRNA_PROCESSING,1.0,1.0,1.0,1.13998890684506e-24,3.4763128954775907e-19,5.995039083582631e-20
WP_MYOMETRIAL_RELAXATION_AND_CONTRACTION_PATHWAYS,0.0001652536786149,0.0135146957898984,0.0003682263886904,1.0,1.0,1.0
WP_NAD_METABOLISM_SIRTUINS_AND_AGING,1.0,1.0,1.0,1.0,0.0302785854203074,1.0
WP_NANOMATERIAL_INDUCED_APOPTOSIS,1.0,1.0,1.0,1.0,1.0,0.003560320854072
WP_NANOPARTICLEMEDIATED_ACTIVATION_OF_RECEPTOR_SIGNALING,1.0,0.0222299183509353,1.0,1.0,1.0,1.0
WP_NETWORK_MAP_OF_SARSCOV2_SIGNALING_PATHWAY,0.0060385803014864,1.0,1.0,1.0,1.0,1.0
WP_NEURODEGENERATION_WITH_BRAIN_IRON_ACCUMULATION_NBIA_SUBTYPES_PATHWAY,1.0,1.0,1.0,1.0,1.0,0.0186769437758798
WP_NEUROINFLAMMATION,0.0202813471259137,1.0,1.0,1.0,1.0,1.0
WP_NONALCOHOLIC_FATTY_LIVER_DISEASE,1.0,1.0,0.0149627154373168,1.79526319508916e-08,1.59381489985251e-07,0.045698927173024
WP_NSP1_FROM_SARSCOV2_INHIBITS_TRANSLATION_INITIATION_IN_THE_HOST_CELL,1.0,1.0,1.0,0.0004374486440129,0.0163490359663448,0.0058721115411997
WP_ONECARBON_METABOLISM,1.0,1.0,1.0,1.0,1.0,0.045698927173024
WP_OXIDATIVE_DAMAGE_RESPONSE,1.0,1.0,1.0,1.0,0.031122242574202,0.0472295475219734
WP_OXIDATIVE_PHOSPHORYLATION,1.0,5.36100106280398e-05,0.0041336907403389,1.21556943291414e-11,1.03019089459846e-07,1.0
WP_OXIDATIVE_STRESS_RESPONSE,1.0,1.0,1.0,0.0450311925368182,1.0,1.0
WP_PANCREATIC_ADENOCARCINOMA_PATHWAY,1.0,1.0,1.0,1.0,0.0408331339942088,0.0065280131809082
WP_PARKINUBIQUITIN_PROTEASOMAL_SYSTEM_PATHWAY,1.0,1.0,1.0,5.18351882811699e-05,0.0208738276984531,1.0
WP_PDGF_PATHWAY,1.0,1.0,1.0,1.0,0.0011113055550798,0.038509046080808
WP_PHOTODYNAMIC_THERAPYINDUCED_HIF1_SURVIVAL_SIGNALING,1.0,1.0,1.0,1.0,1.0,0.0262508230754811
WP_PHOTODYNAMIC_THERAPYINDUCED_UNFOLDED_PROTEIN_RESPONSE,1.0,1.0,1.0,0.0201426073689415,0.0139758946164608,0.0220833435480677
WP_PPARALPHA_PATHWAY,1.0,1.0,1.0,0.0137792139834437,0.0026650224366524,0.0049030666337403
WP_PRIMARY_FOCAL_SEGMENTAL_GLOMERULOSCLEROSIS_FSGS,0.0089212613642138,0.0003225485700291,0.0042739899943296,1.0,1.0,1.0
WP_PROLACTIN_SIGNALING_PATHWAY,1.0,1.0,1.0,1.0,0.0316347110527716,1.0
WP_PROTEASOME_DEGRADATION,1.0,1.0,1.0,8.774520542152101e-12,4.0128774361953094e-10,1.38402278806063e-06
WP_PURINE_METABOLISM,1.0,1.0,1.0,0.0489852629858379,1.0,1.0
WP_PURINE_METABOLISM_AND_RELATED_DISORDERS,1.0,1.0,1.0,0.0450311925368182,1.0,1.0
WP_PYRIMIDINE_METABOLISM,1.0,1.0,1.0,0.0284977380124714,1.0,1.0
WP_QUERCETIN_AND_NFKB_AP1_INDUCED_APOPTOSIS,1.0,1.0,1.0,1.0,0.0103113242037168,0.0156121649477761
WP_REGULATION_OF_ACTIN_CYTOSKELETON,0.0135239157782986,1.0,0.0444066315156845,1.0,1.0,1.0
WP_REGULATION_OF_SISTER_CHROMATID_SEPARATION_AT_THE_METAPHASEANAPHASE_TRANSITION,1.0,1.0,1.0,0.0325073065233795,1.0,1.0
WP_RETINOBLASTOMA_GENE_IN_CANCER,1.0,1.0,1.0,0.000197148393393,0.0001689584336635,0.0014291478810045
WP_RIBOFLAVIN_AND_COQ_DISORDERS,1.0,1.0,1.0,0.0018484806710807,1.0,1.0
WP_STEROL_REGULATORY_ELEMENTBINDING_PROTEINS_SREBP_SIGNALING,1.0,1.0,1.0,3.09069039159225e-05,0.0015593680239638,0.033111419643487
WP_STRIATED_MUSCLE_CONTRACTION_PATHWAY,0.0345135183805201,0.0017144615758721,0.0099280329475642,1.0,1.0,1.0
WP_TCA_CYCLE_AKA_KREBS_OR_CITRIC_ACID_CYCLE,1.0,1.0,1.0,3.1062147231756197e-07,3.72005235850209e-07,0.0007309913925771
WP_TCA_CYCLE_AND_DEFICIENCY_OF_PYRUVATE_DEHYDROGENASE_COMPLEX_PDHC,1.0,1.0,1.0,1.13461808331375e-08,2.7549525088282402e-08,1.1578515221735201e-07
WP_TGFBETA_SIGNALING_IN_THYROID_CELLS_FOR_EPITHELIALMESENCHYMAL_TRANSITION,1.0,0.0428072057453079,1.0,1.0,1.0,1.0
WP_TGFBETA_SIGNALING_PATHWAY,0.0130244010940409,1.0,1.0,1.0,1.0,1.0
WP_TNFALPHA_SIGNALING_PATHWAY,1.0,1.0,1.0,0.0096632698033291,0.0008774118294111,0.0025134402815424
WP_TRANSLATION_FACTORS,1.0,1.0,1.0,1.5599868852479898e-07,0.0001174363875221,0.0001094939449712
WP_TRANSSULFURATION_PATHWAY,1.0,1.0,1.0,0.0450311925368182,1.0,1.0
WP_TYPE_I_COLLAGEN_SYNTHESIS_IN_THE_CONTEXT_OF_OSTEOGENESIS_IMPERFECTA,0.0049022986497813,0.0058158680859221,0.0294028707087161,1.0,1.0,1.0
WP_VASOPRESSINREGULATED_WATER_REABSORPTION,1.0,1.0,1.0,1.0,1.0,0.0325598232566074
WP_VEGFAVEGFR2_SIGNALING_PATHWAY,2.61555911840651e-05,0.0053709373911284,0.000248958816456,8.609122224176579e-07,9.28623052028601e-08,9.699034460025858e-07
